date,region,temperature_c,precipitation_mm,is_holiday,holiday_name,local_event,fuel_price_inr
2024-01-01,South,28.5,0.0,0,,0,101.53
2024-01-02,South,28.4,0.0,0,,0,101.56
2024-01-03,South,27.4,0.0,0,,0,101.6
2024-01-04,South,28.9,2.5,0,,0,101.66
2024-01-05,South,28.1,0.0,0,,0,101.64
2024-01-06,South,26.1,0.0,0,,0,101.64
2024-01-07,South,28.0,0.0,0,,0,101.65
2024-01-08,South,26.0,0.0,0,,0,101.65
2024-01-09,South,28.8,0.0,0,,0,101.63
2024-01-10,South,27.5,0.0,0,,0,101.59
2024-01-11,South,27.3,0.0,0,,0,101.6
2024-01-12,South,26.6,0.0,0,,0,101.58
2024-01-13,South,29.5,0.0,0,,0,101.59
2024-01-14,South,27.5,0.0,0,,0,101.57
2024-01-15,South,27.2,0.0,1,Pongal / Makar Sankranti,0,101.54
2024-01-16,South,27.3,0.0,0,,0,101.55
2024-01-17,South,28.7,0.0,0,,0,101.56
2024-01-18,South,28.5,0.0,0,,0,101.58
2024-01-19,South,28.6,0.0,0,,0,101.65
2024-01-20,South,28.7,0.0,0,,0,101.66
2024-01-21,South,31.3,0.0,0,,0,101.68
2024-01-22,South,27.5,0.0,0,,0,101.65
2024-01-23,South,27.2,6.3,0,,0,101.62
2024-01-24,South,26.9,2.2,0,,0,101.67
2024-01-25,South,29.2,0.0,0,,0,101.64
2024-01-26,South,29.9,3.6,1,Republic Day,0,101.62
2024-01-27,South,28.2,0.0,0,,0,101.62
2024-01-28,South,27.2,0.0,0,,0,101.62
2024-01-29,South,27.3,0.0,0,,0,101.6
2024-01-30,South,29.5,0.0,0,,1,101.59
2024-01-31,South,29.7,0.0,0,,0,101.63
2024-02-01,South,,0.0,0,,0,101.61
2024-02-02,South,27.7,0.0,0,,0,101.58
2024-02-03,South,29.1,0.0,0,,0,101.61
2024-02-04,South,29.0,0.0,0,,0,101.63
2024-02-05,South,29.2,0.0,0,,0,101.61
2024-02-06,South,30.2,0.0,0,,0,101.57
2024-02-07,South,29.3,0.0,0,,0,101.55
2024-02-08,South,30.0,0.0,0,,0,101.55
2024-02-09,South,29.1,2.6,0,,0,101.59
2024-02-10,South,29.3,5.5,0,,0,101.57
2024-02-11,South,30.1,0.0,0,,0,101.57
2024-02-12,South,27.0,0.0,0,,0,101.59
2024-02-13,South,28.8,0.0,0,,0,101.52
2024-02-14,South,28.6,0.0,0,,0,101.56
2024-02-15,South,28.4,0.0,0,,0,101.53
2024-02-16,South,29.0,0.0,0,,0,101.54
2024-02-17,South,31.7,0.0,0,,0,101.55
2024-02-18,South,28.2,0.0,0,,0,101.59
2024-02-19,South,30.8,6.2,0,,0,101.61
2024-02-20,South,27.1,0.0,0,,0,101.54
2024-02-21,South,29.2,0.0,0,,0,101.52
2024-02-22,South,30.0,0.0,0,,0,101.53
2024-02-23,South,30.7,0.0,0,,0,101.53
2024-02-24,South,30.7,3.7,0,,0,101.55
2024-02-25,South,31.1,0.0,0,,0,101.57
2024-02-26,South,29.4,0.0,0,,0,101.6
2024-02-27,South,29.3,0.0,0,,0,101.59
2024-02-28,South,31.3,0.0,0,,0,101.54
2024-02-29,South,29.8,0.0,0,,0,101.53
2024-03-01,South,28.2,0.0,0,,0,101.55
2024-03-02,South,28.5,0.0,0,,0,101.52
2024-03-03,South,28.8,0.0,0,,0,101.54
2024-03-04,South,31.0,0.0,0,,0,101.58
2024-03-05,South,30.5,0.0,0,,0,101.58
2024-03-06,South,31.4,0.0,0,,0,101.5
2024-03-07,South,29.8,0.0,0,,0,101.46
2024-03-08,South,30.7,0.0,0,,0,101.52
2024-03-09,South,31.4,0.0,0,,0,101.51
2024-03-10,South,29.3,19.4,0,,0,101.45
2024-03-11,South,31.3,0.0,0,,0,101.49
2024-03-12,South,29.6,0.0,0,,0,101.5
2024-03-13,South,30.1,0.0,0,,0,101.54
2024-03-14,South,30.1,0.0,0,,0,101.55
2024-03-15,South,29.0,0.0,0,,0,101.57
2024-03-16,South,31.5,0.0,0,,0,101.58
2024-03-17,South,30.1,0.0,0,,0,101.61
2024-03-18,South,30.9,0.0,0,,0,101.68
2024-03-19,South,31.6,0.0,0,,0,101.71
2024-03-20,South,31.6,0.0,0,,0,101.67
2024-03-21,South,32.0,0.0,0,,0,101.69
2024-03-22,South,30.9,0.0,0,,0,101.72
2024-03-23,South,30.4,0.0,0,,0,101.76
2024-03-24,South,31.0,0.0,0,,0,101.76
2024-03-25,South,28.6,0.0,0,,0,101.79
2024-03-26,South,29.0,0.0,0,,0,101.83
2024-03-27,South,29.2,0.0,0,,0,101.91
2024-03-28,South,29.8,0.0,0,,0,101.89
2024-03-29,South,31.9,0.0,0,,0,101.88
2024-03-30,South,30.0,0.0,0,,0,101.87
2024-03-31,South,30.8,0.0,0,,0,101.86
2024-04-01,South,33.3,0.0,0,,0,101.84
2024-04-02,South,30.9,0.0,0,,0,101.76
2024-04-03,South,32.5,0.0,0,,0,101.75
2024-04-04,South,30.1,0.0,0,,0,101.77
2024-04-05,South,31.2,0.0,0,,0,101.76
2024-04-06,South,30.1,,0,,0,101.82
2024-04-07,South,31.0,0.0,0,,0,101.82
2024-04-08,South,32.8,0.0,0,,0,101.86
2024-04-09,South,29.0,0.0,0,,0,101.88
2024-04-10,South,32.0,7.2,0,,0,101.9
2024-04-11,South,32.0,0.0,1,Eid al-Fitr,0,101.92
2024-04-12,South,30.8,0.0,0,,0,101.96
2024-04-13,South,29.5,0.0,0,,0,101.97
2024-04-14,South,31.8,0.0,0,,0,101.99
2024-04-15,South,31.0,0.0,0,,0,102.0
2024-04-16,South,32.1,0.0,0,,0,102.0
2024-04-17,South,31.8,0.0,0,,0,102.01
2024-04-18,South,34.2,0.0,0,,0,102.08
2024-04-19,South,31.5,0.0,0,,0,102.08
2024-04-20,South,30.3,0.0,0,,0,102.1
2024-04-21,South,32.1,0.0,0,,0,102.14
2024-04-22,South,32.2,0.0,0,,0,102.18
2024-04-23,South,33.9,0.0,0,,0,102.18
2024-04-24,South,33.2,0.0,0,,0,102.11
2024-04-25,South,32.4,0.0,0,,0,102.13
2024-04-26,South,34.1,0.0,0,,0,102.07
2024-04-27,South,30.2,0.0,0,,0,102.12
2024-04-28,South,31.0,0.0,0,,0,102.13
2024-04-29,South,30.6,0.0,0,,0,102.16
2024-04-30,South,31.4,0.0,0,,0,102.14
2024-05-01,South,29.9,0.0,0,,0,102.1
2024-05-02,South,32.9,0.0,0,,0,102.11
2024-05-03,South,31.7,0.0,0,,0,102.11
2024-05-04,South,29.8,0.0,0,,0,102.1
2024-05-05,South,30.5,0.0,0,,0,102.11
2024-05-06,South,32.5,0.0,0,,0,102.19
2024-05-07,South,33.3,0.0,0,,0,102.22
2024-05-08,South,35.0,0.0,0,,0,102.26
2024-05-09,South,36.4,0.0,0,,0,102.29
2024-05-10,South,32.6,0.0,0,,0,102.34
2024-05-11,South,30.2,8.9,0,,0,102.33
2024-05-12,South,28.8,0.0,0,,0,102.28
2024-05-13,South,32.4,0.0,0,,0,102.28
2024-05-14,South,30.8,0.0,0,,0,102.3
2024-05-15,South,31.4,0.0,0,,0,102.28
2024-05-16,South,31.1,0.0,0,,0,102.28
2024-05-17,South,31.8,0.0,0,,0,102.26
2024-05-18,South,33.6,0.0,0,,0,102.31
2024-05-19,South,32.2,0.0,0,,0,102.34
2024-05-20,South,31.7,0.0,0,,0,102.36
2024-05-21,South,30.4,0.0,0,,0,102.38
2024-05-22,South,29.4,0.0,0,,1,102.38
2024-05-23,South,31.2,0.0,0,,0,102.39
2024-05-24,South,31.8,0.0,0,,0,102.36
2024-05-25,South,34.3,6.6,0,,0,102.3
2024-05-26,South,32.1,0.0,0,,0,102.31
2024-05-27,South,33.3,0.0,0,,0,102.32
2024-05-28,South,31.1,0.0,0,,0,102.36
2024-05-29,South,30.0,0.0,0,,0,102.42
2024-05-30,South,30.4,0.0,0,,0,102.47
2024-05-31,South,30.7,0.0,0,,0,102.44
2024-06-01,South,34.4,14.9,0,,0,102.43
2024-06-02,South,30.3,6.3,0,,0,102.45
2024-06-03,South,32.8,5.7,0,,0,102.53
2024-06-04,South,29.9,11.2,0,,0,102.58
2024-06-05,South,33.1,0.0,0,,0,102.62
2024-06-06,South,32.2,2.0,0,,0,102.61
2024-06-07,South,31.4,0.0,0,,0,102.59
2024-06-08,South,,29.7,0,,0,102.62
2024-06-09,South,30.1,11.6,0,,0,102.59
2024-06-10,South,30.9,34.3,0,,0,102.58
2024-06-11,South,30.8,0.0,0,,0,102.58
2024-06-12,South,29.7,0.0,0,,0,102.64
2024-06-13,South,28.9,16.0,0,,0,102.63
2024-06-14,South,31.7,0.0,0,,0,102.56
2024-06-15,South,33.3,12.0,0,,0,102.58
2024-06-16,South,31.6,0.0,0,,0,102.56
2024-06-17,South,31.0,4.8,0,,0,102.57
2024-06-18,South,31.1,15.4,0,,0,102.57
2024-06-19,South,33.2,0.0,0,,1,102.56
2024-06-20,South,30.5,27.3,0,,0,102.59
2024-06-21,South,30.2,9.5,0,,0,102.55
2024-06-22,South,32.8,1.6,0,,0,102.54
2024-06-23,South,31.6,5.0,0,,0,102.56
2024-06-24,South,33.4,0.0,0,,0,102.55
2024-06-25,South,31.3,0.0,0,,0,102.5
2024-06-26,South,29.2,0.0,0,,0,102.53
2024-06-27,South,28.1,22.0,0,,0,102.57
2024-06-28,South,30.8,64.8,0,,0,102.57
2024-06-29,South,32.7,19.2,0,,0,102.51
2024-06-30,South,30.6,1.1,0,,0,102.54
2024-07-01,South,29.6,17.4,0,,0,102.49
2024-07-02,South,33.0,0.0,0,,0,102.51
2024-07-03,South,29.1,0.0,0,,0,102.48
2024-07-04,South,29.4,0.0,0,,0,102.45
2024-07-05,South,31.2,11.4,0,,0,102.44
2024-07-06,South,26.5,87.1,0,,0,102.44
2024-07-07,South,29.7,21.5,0,,0,102.43
2024-07-08,South,29.1,28.7,0,,0,102.45
2024-07-09,South,30.2,20.7,0,,0,102.44
2024-07-10,South,32.3,5.9,0,,0,102.47
2024-07-11,South,30.0,13.4,0,,0,102.49
2024-07-12,South,31.3,0.0,0,,0,102.47
2024-07-13,South,27.0,5.0,0,,0,102.45
2024-07-14,South,30.2,0.0,0,,0,102.4
2024-07-15,South,24.7,106.6,0,,0,102.41
2024-07-16,South,28.1,7.0,0,,0,102.41
2024-07-17,South,26.2,64.9,0,,1,102.34
2024-07-18,South,29.1,12.5,0,,0,102.33
2024-07-19,South,30.9,11.6,0,,0,102.31
2024-07-20,South,27.4,14.8,0,,0,102.36
2024-07-21,South,30.0,0.0,0,,0,102.31
2024-07-22,South,27.3,46.0,0,,0,102.27
2024-07-23,South,29.3,0.0,0,,0,102.31
2024-07-24,South,31.2,2.3,0,,0,102.35
2024-07-25,South,29.4,27.4,0,,0,102.33
2024-07-26,South,31.0,16.1,0,,0,102.32
2024-07-27,South,29.4,0.5,0,,0,102.34
2024-07-28,South,28.5,0.0,0,,1,102.28
2024-07-29,South,29.2,0.0,0,,0,102.22
2024-07-30,South,29.8,,0,,0,102.22
2024-07-31,South,29.4,7.4,0,,0,102.27
2024-08-01,South,27.7,1.8,0,,0,102.26
2024-08-02,South,29.5,0.0,0,,0,102.27
2024-08-03,South,29.0,15.8,0,,0,102.31
2024-08-04,South,33.0,0.4,0,,0,102.37
2024-08-05,South,31.1,21.0,0,,0,102.36
2024-08-06,South,27.8,0.0,0,,0,102.36
2024-08-07,South,28.6,0.0,0,,0,102.42
2024-08-08,South,26.8,0.0,0,,0,102.38
2024-08-09,South,28.1,0.0,0,,0,102.41
2024-08-10,South,29.0,9.3,0,,0,102.39
2024-08-11,South,30.7,0.0,0,,0,102.4
2024-08-12,South,27.1,15.0,0,,0,102.39
2024-08-13,South,27.8,0.0,0,,0,102.37
2024-08-14,South,25.4,3.0,0,,0,102.34
2024-08-15,South,28.4,0.0,1,Independence Day,0,102.35
2024-08-16,South,26.8,4.3,0,,0,102.39
2024-08-17,South,27.6,5.1,0,,0,102.39
2024-08-18,South,,0.1,0,,0,102.39
2024-08-19,South,25.8,62.3,0,,0,102.42
2024-08-20,South,24.9,21.3,0,,0,102.39
2024-08-21,South,26.1,0.0,0,,0,102.42
2024-08-22,South,30.4,27.1,0,,0,102.45
2024-08-23,South,26.3,0.0,0,,0,102.53
2024-08-24,South,26.2,8.3,0,,0,102.52
2024-08-25,South,30.9,0.0,0,,0,102.51
2024-08-26,South,31.7,18.0,0,,0,102.54
2024-08-27,South,26.3,0.0,0,,0,102.57
2024-08-28,South,27.1,9.7,0,,0,102.55
2024-08-29,South,26.6,45.8,0,,0,102.55
2024-08-30,South,30.5,0.0,0,,0,102.57
2024-08-31,South,25.8,14.1,0,,0,102.55
2024-09-01,South,27.3,4.3,0,,0,102.54
2024-09-02,South,28.9,0.0,0,,0,102.54
2024-09-03,South,28.4,0.0,0,,0,102.58
2024-09-04,South,26.7,10.0,0,,0,102.56
2024-09-05,South,27.2,6.2,0,,0,102.51
2024-09-06,South,25.5,0.0,0,,0,102.46
2024-09-07,South,27.2,0.0,1,Ganesh Chaturthi,0,102.42
2024-09-08,South,27.1,0.0,0,,0,102.39
2024-09-09,South,27.6,3.9,0,,0,102.39
2024-09-10,South,26.6,0.0,0,,0,102.36
2024-09-11,South,27.0,27.6,0,,0,102.34
2024-09-12,South,28.8,0.0,0,,0,102.32
2024-09-13,South,27.5,0.7,0,,0,102.31
2024-09-14,South,27.8,0.0,0,,0,102.36
2024-09-15,South,26.8,10.9,0,,0,102.38
2024-09-16,South,26.4,18.1,0,,0,102.38
2024-09-17,South,26.0,0.0,0,,0,102.37
2024-09-18,South,27.2,9.6,0,,0,102.36
2024-09-19,South,26.9,0.0,0,,0,102.38
2024-09-20,South,29.7,10.3,0,,0,102.4
2024-09-21,South,29.3,0.0,0,,0,102.38
2024-09-22,South,26.5,23.7,0,,0,102.38
2024-09-23,South,25.5,5.1,0,,0,102.32
2024-09-24,South,24.8,10.1,0,,0,102.34
2024-09-25,South,28.5,3.1,0,,0,102.36
2024-09-26,South,26.4,17.8,0,,0,102.36
2024-09-27,South,27.5,0.0,0,,0,102.42
2024-09-28,South,24.1,0.0,0,,0,102.39
2024-09-29,South,28.1,0.0,0,,0,102.4
2024-09-30,South,26.9,11.5,0,,0,102.41
2024-10-01,South,24.8,3.4,0,,0,102.41
2024-10-02,South,25.5,9.0,1,Gandhi Jayanti,0,102.41
2024-10-03,South,26.9,0.0,0,,0,102.42
2024-10-04,South,26.6,0.0,0,,0,102.45
2024-10-05,South,25.8,5.1,0,,0,102.49
2024-10-06,South,26.3,0.0,0,,0,102.49
2024-10-07,South,25.9,2.7,0,,0,102.52
2024-10-08,South,25.2,36.4,0,,0,102.51
2024-10-09,South,27.9,17.4,0,,0,102.53
2024-10-10,South,21.8,17.5,0,,0,102.51
2024-10-11,South,26.0,0.0,0,,0,102.55
2024-10-12,South,26.6,0.0,1,Dussehra,0,102.62
2024-10-13,South,26.4,7.3,0,,0,102.62
2024-10-14,South,25.7,0.0,0,,0,102.56
2024-10-15,South,23.6,0.0,0,,0,102.55
2024-10-16,South,26.7,0.0,0,,0,102.59
2024-10-17,South,28.8,0.0,0,,0,102.61
2024-10-18,South,23.6,,0,,0,102.62
2024-10-19,South,27.5,0.0,0,,0,102.65
2024-10-20,South,24.3,34.4,0,,0,102.67
2024-10-21,South,26.0,0.0,0,,0,102.71
2024-10-22,South,24.0,13.2,0,,0,102.75
2024-10-23,South,25.6,0.0,0,,0,102.79
2024-10-24,South,27.8,4.9,0,,0,102.81
2024-10-25,South,26.8,4.7,0,,0,102.84
2024-10-26,South,28.7,0.0,0,,0,102.84
2024-10-27,South,27.8,0.0,0,,0,102.82
2024-10-28,South,26.4,7.6,0,,0,102.88
2024-10-29,South,28.7,0.0,0,,0,102.89
2024-10-30,South,26.7,0.0,0,,0,102.92
2024-10-31,South,26.9,9.1,0,,0,102.92
2024-11-01,South,25.6,0.0,1,Diwali,0,102.91
2024-11-02,South,26.1,0.0,0,,0,102.91
2024-11-03,South,25.0,0.0,0,,0,102.96
2024-11-04,South,27.1,10.8,0,,0,102.98
2024-11-05,South,23.9,8.6,0,,0,102.93
2024-11-06,South,27.2,0.0,0,,0,102.93
2024-11-07,South,25.7,0.0,0,,0,102.99
2024-11-08,South,27.8,0.0,0,,1,102.99
2024-11-09,South,27.1,0.0,0,,0,102.94
2024-11-10,South,28.7,0.0,0,,0,103.0
2024-11-11,South,27.1,0.0,0,,0,103.02
2024-11-12,South,,0.0,0,,0,103.02
2024-11-13,South,25.9,0.0,0,,0,103.02
2024-11-14,South,24.3,0.0,0,,0,103.05
2024-11-15,South,24.7,13.1,0,,0,103.04
2024-11-16,South,28.3,0.0,0,,0,103.08
2024-11-17,South,26.9,2.1,0,,0,103.1
2024-11-18,South,24.7,7.8,0,,0,103.11
2024-11-19,South,24.5,0.0,0,,0,103.12
2024-11-20,South,26.1,0.0,0,,0,103.12
2024-11-21,South,23.9,8.7,0,,0,103.15
2024-11-22,South,25.1,0.0,0,,0,103.13
2024-11-23,South,26.6,0.0,0,,0,103.09
2024-11-24,South,27.8,0.9,0,,0,103.11
2024-11-25,South,26.9,4.2,0,,0,103.13
2024-11-26,South,22.6,2.4,0,,0,103.15
2024-11-27,South,26.6,0.0,0,,0,103.17
2024-11-28,South,26.3,0.0,0,,0,103.16
2024-11-29,South,26.3,12.5,0,,0,103.19
2024-11-30,South,28.6,0.0,0,,0,103.19
2024-12-01,South,22.7,12.4,0,,0,103.18
2024-12-02,South,24.9,11.5,0,,0,103.18
2024-12-03,South,27.2,0.0,0,,0,103.24
2024-12-04,South,23.8,4.4,0,,0,103.19
2024-12-05,South,28.3,5.1,0,,0,103.21
2024-12-06,South,26.6,7.8,0,,0,103.16
2024-12-07,South,27.6,0.0,0,,0,103.17
2024-12-08,South,25.5,0.0,0,,0,103.16
2024-12-09,South,27.7,0.0,0,,0,103.1
2024-12-10,South,27.4,16.0,0,,0,103.11
2024-12-11,South,26.7,3.6,0,,0,103.11
2024-12-12,South,26.9,0.0,0,,0,103.05
2024-12-13,South,26.1,21.4,0,,0,103.08
2024-12-14,South,25.3,0.0,0,,0,103.12
2024-12-15,South,26.4,0.0,0,,0,103.17
2024-12-16,South,25.9,12.8,0,,0,103.19
2024-12-17,South,27.2,0.0,0,,0,103.19
2024-12-18,South,27.7,13.2,0,,0,103.24
2024-12-19,South,24.2,23.1,0,,0,103.29
2024-12-20,South,26.6,0.0,0,,0,103.33
2024-12-21,South,29.0,0.0,0,,0,103.3
2024-12-22,South,25.7,0.0,0,,0,103.31
2024-12-23,South,25.6,0.0,0,,0,103.33
2024-12-24,South,27.2,0.0,0,,0,103.28
2024-12-25,South,28.2,0.0,1,Christmas,0,103.3
2024-12-26,South,27.0,0.0,0,,0,103.37
2024-12-27,South,28.7,7.0,0,,0,103.39
2024-12-28,South,28.3,0.0,0,,0,103.44
2024-12-29,South,28.4,0.0,0,,0,103.45
2024-12-30,South,27.8,3.3,0,,0,103.45
2024-12-31,South,30.7,0.0,0,,0,103.47
2025-01-01,South,26.9,0.0,0,,0,103.45
2025-01-02,South,24.1,2.2,0,,0,103.42
2025-01-03,South,29.7,0.0,0,,1,103.47
2025-01-04,South,26.6,0.0,0,,0,103.51
2025-01-05,South,27.5,0.0,0,,0,103.49
2025-01-06,South,29.4,0.0,0,,0,103.52
2025-01-07,South,25.0,0.0,0,,0,103.52
2025-01-08,South,25.6,0.0,0,,0,103.53
2025-01-09,South,25.1,0.0,0,,0,103.55
2025-01-10,South,26.4,0.0,0,,0,103.59
2025-01-11,South,,0.0,0,,0,103.59
2025-01-12,South,28.5,0.0,0,,0,103.64
2025-01-13,South,28.1,0.0,0,,0,103.65
2025-01-14,South,25.6,0.0,1,Pongal / Makar Sankranti,0,103.67
2025-01-15,South,24.3,0.0,0,,0,103.65
2025-01-16,South,27.9,0.0,0,,0,103.72
2025-01-17,South,27.2,0.0,0,,0,103.74
2025-01-18,South,28.6,0.0,0,,0,103.77
2025-01-19,South,28.7,7.7,0,,0,103.72
2025-01-20,South,28.2,0.9,0,,0,103.7
2025-01-21,South,28.9,7.3,0,,0,103.74
2025-01-22,South,28.5,0.0,0,,0,103.75
2025-01-23,South,29.0,0.0,0,,0,103.7
2025-01-24,South,27.2,0.2,0,,0,103.74
2025-01-25,South,,0.0,0,,0,103.72
2025-01-26,South,28.6,0.0,1,Republic Day,0,103.77
2025-01-27,South,29.6,0.0,0,,0,103.77
2025-01-28,South,27.9,0.0,0,,0,103.78
2025-01-29,South,29.3,0.0,0,,0,103.82
2025-01-30,South,28.2,0.0,0,,0,103.8
2025-01-31,South,28.4,0.0,0,,0,103.77
2025-02-01,South,29.9,0.0,0,,0,103.77
2025-02-02,South,25.7,0.0,0,,0,103.8
2025-02-03,South,26.8,0.0,0,,0,103.76
2025-02-04,South,26.6,0.0,0,,0,103.72
2025-02-05,South,25.4,0.0,0,,0,103.75
2025-02-06,South,27.9,0.0,0,,0,103.73
2025-02-07,South,30.1,0.0,0,,0,103.72
2025-02-08,South,28.6,0.0,0,,0,103.67
2025-02-09,South,29.4,0.0,0,,0,103.66
2025-02-10,South,30.7,0.0,0,,0,103.66
2025-02-11,South,31.2,0.0,0,,0,103.69
2025-02-12,South,29.1,0.0,0,,0,103.67
2025-02-13,South,31.3,0.0,0,,0,103.73
2025-02-14,South,29.5,0.0,0,,0,103.71
2025-02-15,South,28.1,0.0,0,,0,103.69
2025-02-16,South,28.5,0.0,0,,0,103.74
2025-02-17,South,27.3,0.0,0,,0,103.75
2025-02-18,South,28.2,0.0,0,,0,103.74
2025-02-19,South,29.0,0.0,0,,0,103.74
2025-02-20,South,30.8,0.0,0,,0,103.79
2025-02-21,South,32.3,0.0,0,,0,103.83
2025-02-22,South,27.7,0.0,0,,0,103.81
2025-02-23,South,30.4,0.0,0,,0,103.82
2025-02-24,South,28.3,0.0,0,,0,103.82
2025-02-25,South,30.6,0.0,0,,0,103.8
2025-02-26,South,29.7,0.0,0,,0,103.8
2025-02-27,South,27.2,0.0,0,,0,103.8
2025-02-28,South,31.4,0.0,0,,0,103.84
2025-03-01,South,29.2,0.0,0,,0,103.88
2025-03-02,South,29.3,0.0,0,,0,103.88
2025-03-03,South,,0.0,0,,0,103.87
2025-03-04,South,29.2,0.0,0,,0,103.9
2025-03-05,South,30.9,0.0,0,,0,103.88
2025-03-06,South,30.0,0.0,0,,1,103.91
2025-03-07,South,30.8,0.0,0,,0,103.91
2025-03-08,South,30.9,0.0,0,,0,103.88
2025-03-09,South,32.4,0.1,0,,0,103.86
2025-03-10,South,29.5,11.4,0,,0,103.9
2025-03-11,South,28.3,0.0,0,,0,103.9
2025-03-12,South,32.2,0.0,0,,0,103.96
2025-03-13,South,30.1,0.0,0,,0,103.95
2025-03-14,South,32.3,0.0,0,,0,103.96
2025-03-15,South,31.3,0.0,0,,0,104.03
2025-03-16,South,30.6,0.0,0,,0,104.01
2025-03-17,South,31.3,0.0,0,,0,103.95
2025-03-18,South,33.8,0.0,0,,0,104.0
2025-03-19,South,34.0,0.0,0,,0,103.98
2025-03-20,South,31.0,0.0,0,,1,103.98
2025-03-21,South,31.2,0.0,0,,0,103.97
2025-03-22,South,32.6,0.0,0,,0,103.98
2025-03-23,South,29.8,0.0,0,,0,103.95
2025-03-24,South,31.3,6.6,0,,0,103.95
2025-03-25,South,30.6,11.1,0,,0,103.97
2025-03-26,South,31.6,0.0,0,,0,103.94
2025-03-27,South,29.9,0.0,0,,0,103.93
2025-03-28,South,28.8,0.0,0,,0,103.92
2025-03-29,South,28.1,0.0,0,,0,103.88
2025-03-30,South,29.6,0.0,0,,1,103.87
2025-03-31,South,30.6,0.0,1,Eid al-Fitr,0,103.88
2025-04-01,South,30.9,0.0,0,,0,103.87
2025-04-02,South,34.3,0.0,0,,0,103.87
2025-04-03,South,32.9,3.0,0,,0,103.87
2025-04-04,South,30.0,0.0,0,,0,103.85
2025-04-05,South,32.0,0.0,0,,0,103.88
2025-04-06,South,30.9,0.0,0,,0,103.93
2025-04-07,South,31.1,0.0,0,,0,103.92
2025-04-08,South,31.8,0.0,0,,0,103.94
2025-04-09,South,32.5,0.0,0,,0,103.93
2025-04-10,South,31.1,0.0,0,,0,103.95
2025-04-11,South,33.2,0.0,0,,0,104.0
2025-04-12,South,29.9,0.0,0,,0,104.02
2025-04-13,South,31.7,0.0,0,,0,103.97
2025-04-14,South,35.6,0.0,0,,0,103.99
2025-04-15,South,32.1,0.0,0,,0,104.03
2025-04-16,South,33.9,0.0,0,,0,104.02
2025-04-17,South,31.9,0.4,0,,0,104.06
2025-04-18,South,32.7,0.0,0,,0,104.04
2025-04-19,South,31.7,0.0,0,,0,104.0
2025-04-20,South,31.6,0.0,0,,0,104.01
2025-04-21,South,30.7,0.0,0,,0,103.96
2025-04-22,South,32.5,0.0,0,,0,103.96
2025-04-23,South,30.6,0.0,0,,0,104.0
2025-04-24,South,32.9,0.0,0,,0,103.95
2025-04-25,South,33.5,0.0,0,,0,103.91
2025-04-26,South,32.5,0.0,0,,0,103.88
2025-04-27,South,31.5,0.0,0,,0,103.89
2025-04-28,South,32.6,0.0,0,,1,103.88
2025-04-29,South,31.5,0.0,0,,0,103.93
2025-04-30,South,33.4,0.0,0,,0,103.96
2025-05-01,South,29.2,0.0,0,,0,103.98
2025-05-02,South,31.5,0.0,0,,0,103.99
2025-05-03,South,29.0,0.0,0,,0,104.0
2025-05-04,South,29.7,,0,,0,103.98
2025-05-05,South,34.0,0.0,0,,0,104.01
2025-05-06,South,33.3,0.0,0,,0,103.98
2025-05-07,South,30.9,0.0,0,,0,104.01
2025-05-08,South,29.7,0.0,0,,0,104.05
2025-05-09,South,27.6,0.0,0,,1,104.06
2025-05-10,South,31.2,0.0,0,,0,104.06
2025-05-11,South,35.6,0.0,0,,0,104.07
2025-05-12,South,32.7,0.0,0,,0,103.99
2025-05-13,South,31.2,0.0,0,,0,104.01
2025-05-14,South,32.7,0.0,0,,0,104.01
2025-05-15,South,29.6,0.0,0,,0,104.01
2025-05-16,South,31.5,0.0,0,,0,104.03
2025-05-17,South,32.1,0.0,0,,0,104.04
2025-05-18,South,31.8,0.0,0,,0,104.0
2025-05-19,South,33.2,0.0,0,,0,104.0
2025-05-20,South,32.5,0.0,0,,0,104.01
2025-05-21,South,32.9,0.0,0,,0,104.02
2025-05-22,South,30.9,0.0,0,,0,104.03
2025-05-23,South,33.3,0.0,0,,0,104.06
2025-05-24,South,34.4,0.0,0,,0,104.03
2025-05-25,South,30.4,0.0,0,,0,104.04
2025-05-26,South,30.6,0.0,0,,0,104.09
2025-05-27,South,33.9,0.0,0,,0,104.04
2025-05-28,South,31.6,0.0,0,,0,104.05
2025-05-29,South,33.9,0.0,0,,0,104.03
2025-05-30,South,31.2,0.0,0,,0,104.03
2025-05-31,South,34.0,0.0,0,,0,104.0
2025-06-01,South,31.8,4.1,0,,0,104.0
2025-06-02,South,31.2,23.0,0,,0,104.06
2025-06-03,South,34.1,0.3,0,,0,104.03
2025-06-04,South,31.2,0.0,0,,0,104.0
2025-06-05,South,29.6,18.3,0,,0,103.96
2025-06-06,South,31.0,1.4,0,,0,104.02
2025-06-07,South,32.2,2.3,0,,0,104.01
2025-06-08,South,28.4,21.0,0,,0,104.01
2025-06-09,South,32.2,9.2,0,,0,104.0
2025-06-10,South,30.5,7.7,0,,0,103.98
2025-06-11,South,33.3,0.0,0,,0,103.97
2025-06-12,South,27.6,8.0,0,,0,104.05
2025-06-13,South,30.1,6.2,0,,0,104.1
2025-06-14,South,28.6,7.4,0,,0,104.08
2025-06-15,South,30.2,0.0,0,,0,104.1
2025-06-16,South,31.8,,0,,0,104.08
2025-06-17,South,31.1,0.0,0,,0,104.03
2025-06-18,South,31.0,0.0,0,,0,104.06
2025-06-19,South,30.9,4.6,0,,0,104.1
2025-06-20,South,31.6,0.0,0,,0,104.14
2025-06-21,South,28.6,27.5,0,,0,104.13
2025-06-22,South,32.3,0.0,0,,0,104.13
2025-06-23,South,32.0,3.9,0,,0,104.15
2025-06-24,South,31.7,0.0,0,,0,104.17
2025-06-25,South,31.6,7.6,0,,0,104.16
2025-06-26,South,31.5,1.1,0,,0,104.12
2025-06-27,South,33.0,26.7,0,,0,104.12
2025-06-28,South,30.9,0.0,0,,0,104.16
2025-06-29,South,29.8,18.1,0,,0,104.13
2025-06-30,South,28.9,22.9,0,,0,104.15
2025-07-01,South,29.3,0.0,0,,0,104.17
2025-07-02,South,29.0,0.0,0,,0,104.19
2025-07-03,South,29.0,11.7,0,,0,104.22
2025-07-04,South,30.4,6.0,0,,0,104.21
2025-07-05,South,30.5,17.6,0,,0,104.16
2025-07-06,South,30.7,0.0,0,,0,104.15
2025-07-07,South,29.4,2.1,0,,0,104.18
2025-07-08,South,31.9,0.0,0,,0,104.17
2025-07-09,South,31.4,6.3,0,,0,104.15
2025-07-10,South,28.8,37.6,0,,0,104.1
2025-07-11,South,28.4,25.9,0,,0,104.16
2025-07-12,South,30.8,10.1,0,,0,104.19
2025-07-13,South,30.6,0.0,0,,0,104.21
2025-07-14,South,28.1,2.0,0,,0,104.25
2025-07-15,South,29.8,9.4,0,,0,104.27
2025-07-16,South,30.6,0.0,0,,0,104.26
2025-07-17,South,28.8,0.0,0,,0,104.26
2025-07-18,South,30.4,0.0,0,,0,104.25
2025-07-19,South,25.6,58.0,0,,0,104.34
2025-07-20,South,31.9,2.1,0,,0,104.36
2025-07-21,South,31.8,0.0,0,,0,104.35
2025-07-22,South,29.2,8.4,0,,0,104.37
2025-07-23,South,30.2,5.6,0,,0,104.34
2025-07-24,South,26.2,0.0,0,,0,104.39
2025-07-25,South,27.9,3.9,0,,0,104.37
2025-07-26,South,28.2,27.1,0,,0,104.39
2025-07-27,South,28.1,0.0,0,,0,104.43
2025-07-28,South,30.7,0.0,0,,0,104.44
2025-07-29,South,32.5,1.9,0,,0,104.45
2025-07-30,South,27.1,15.9,0,,0,104.45
2025-07-31,South,28.2,0.5,0,,0,104.46
2025-08-01,South,29.6,4.3,0,,0,104.44
2025-08-02,South,31.8,0.0,0,,0,104.43
2025-08-03,South,27.5,0.0,0,,0,104.48
2025-08-04,South,29.2,12.1,0,,0,104.48
2025-08-05,South,31.6,8.7,0,,0,104.46
2025-08-06,South,26.7,0.0,0,,0,104.45
2025-08-07,South,26.9,6.4,0,,0,104.49
2025-08-08,South,27.5,23.7,0,,0,104.51
2025-08-09,South,26.9,33.0,0,,0,104.53
2025-08-10,South,30.2,0.0,0,,0,104.53
2025-08-11,South,28.9,9.1,0,,0,104.55
2025-08-12,South,26.2,0.0,0,,0,104.54
2025-08-13,South,29.2,9.0,0,,0,104.53
2025-08-14,South,27.9,0.0,0,,0,104.57
2025-08-15,South,30.6,0.7,1,Independence Day,0,104.6
2025-08-16,South,27.6,3.8,0,,0,104.57
2025-08-17,South,27.5,3.0,0,,0,104.55
2025-08-18,South,29.3,1.2,0,,0,104.56
2025-08-19,South,29.5,3.6,0,,0,104.61
2025-08-20,South,28.9,5.3,0,,1,104.56
2025-08-21,South,25.6,5.5,0,,0,104.57
2025-08-22,South,29.1,0.4,0,,0,104.53
2025-08-23,South,26.7,0.0,0,,0,104.52
2025-08-24,South,28.5,2.4,0,,0,104.51
2025-08-25,South,26.1,0.0,0,,0,104.5
2025-08-26,South,28.8,0.0,0,,0,104.49
2025-08-27,South,26.4,12.7,1,Ganesh Chaturthi,0,104.5
2025-08-28,South,26.1,0.0,0,,0,104.48
2025-08-29,South,29.1,0.0,0,,0,104.44
2025-08-30,South,28.3,0.0,0,,0,104.47
2025-08-31,South,26.7,7.0,0,,0,104.5
2025-09-01,South,29.1,22.2,0,,0,104.53
2025-09-02,South,25.2,49.0,0,,0,104.48
2025-09-03,South,27.1,18.4,0,,0,104.5
2025-09-04,South,28.1,0.0,0,,0,104.52
2025-09-05,South,26.7,0.0,0,,0,104.49
2025-09-06,South,27.0,33.6,0,,0,104.5
2025-09-07,South,26.8,0.0,0,,0,104.5
2025-09-08,South,25.5,34.5,0,,0,104.56
2025-09-09,South,29.5,0.0,0,,0,104.62
2025-09-10,South,25.5,10.4,0,,0,104.57
2025-09-11,South,23.8,0.0,0,,0,104.65
2025-09-12,South,29.8,0.0,0,,0,104.63
2025-09-13,South,29.9,32.1,0,,0,104.66
2025-09-14,South,26.5,3.4,0,,0,104.7
2025-09-15,South,24.3,0.0,0,,0,104.67
2025-09-16,South,26.4,8.5,0,,0,104.69
2025-09-17,South,26.6,1.7,0,,0,104.69
2025-09-18,South,26.8,0.0,0,,0,104.71
2025-09-19,South,24.8,15.9,0,,0,104.72
2025-09-20,South,26.8,26.7,0,,0,104.76
2025-09-21,South,25.8,49.0,0,,0,104.77
2025-09-22,South,24.5,5.3,0,,0,104.77
2025-09-23,South,28.0,0.0,0,,0,104.8
2025-09-24,South,29.7,6.1,0,,0,104.83
2025-09-25,South,27.1,0.7,0,,0,104.85
2025-09-26,South,26.2,2.4,0,,0,104.84
2025-09-27,South,26.6,0.0,0,,0,104.81
2025-09-28,South,27.2,11.5,0,,0,104.79
2025-09-29,South,24.1,0.0,0,,0,104.78
2025-09-30,South,26.9,0.0,0,,0,104.81
2025-10-01,South,26.0,0.0,0,,0,104.84
2025-10-02,South,29.4,0.0,1,Dussehra / Gandhi Jayanti,0,104.84
2025-10-03,South,26.3,0.0,0,,0,104.89
2025-10-04,South,29.0,0.0,0,,0,104.93
2025-10-05,South,24.7,3.1,0,,0,104.94
2025-10-06,South,27.4,0.0,0,,0,104.92
2025-10-07,South,26.9,0.0,0,,0,104.97
2025-10-08,South,25.1,0.0,0,,0,104.98
2025-10-09,South,26.7,0.0,0,,0,104.98
2025-10-10,South,28.2,0.0,0,,0,104.98
2025-10-11,South,25.9,0.0,0,,0,104.96
2025-10-12,South,23.8,0.0,0,,0,104.92
2025-10-13,South,26.3,0.0,0,,0,104.94
2025-10-14,South,24.9,1.4,0,,0,104.92
2025-10-15,South,25.5,6.8,0,,0,105.01
2025-10-16,South,25.6,13.5,0,,0,104.99
2025-10-17,South,19.1,114.2,0,,0,104.95
2025-10-18,South,23.6,4.5,0,,0,104.97
2025-10-19,South,26.9,0.0,0,,0,105.02
2025-10-20,South,25.3,1.1,1,Diwali,0,105.03
2025-10-21,South,22.3,0.0,0,,0,105.05
2025-10-22,South,27.3,0.0,0,,0,105.0
2025-10-23,South,26.4,4.2,0,,0,104.98
2025-10-24,South,24.8,7.0,0,,0,104.95
2025-10-25,South,23.9,4.9,0,,0,104.9
2025-10-26,South,27.3,0.0,0,,0,104.91
2025-10-27,South,26.1,11.7,0,,0,104.84
2025-10-28,South,29.6,0.0,0,,0,104.81
2025-10-29,South,26.7,0.0,0,,0,104.8
2025-10-30,South,26.6,0.0,0,,0,104.78
2025-10-31,South,25.7,1.7,0,,0,104.79
2025-11-01,South,27.2,1.9,0,,0,104.8
2025-11-02,South,26.7,6.8,0,,0,104.84
2025-11-03,South,27.2,16.3,0,,0,104.86
2025-11-04,South,25.0,5.4,0,,0,104.9
2025-11-05,South,25.4,0.0,0,,0,104.9
2025-11-06,South,25.3,0.0,0,,0,104.92
2025-11-07,South,27.2,0.0,0,,0,104.94
2025-11-08,South,28.2,0.0,0,,0,104.94
2025-11-09,South,24.7,15.9,0,,0,104.94
2025-11-10,South,25.4,0.0,0,,0,104.93
2025-11-11,South,26.5,0.0,0,,0,104.91
2025-11-12,South,25.6,0.0,0,,0,104.93
2025-11-13,South,27.4,0.0,0,,0,104.93
2025-11-14,South,22.2,11.3,0,,0,104.91
2025-11-15,South,24.7,0.8,0,,0,104.9
2025-11-16,South,24.4,12.5,0,,0,104.86
2025-11-17,South,22.4,3.4,0,,0,104.9
2025-11-18,South,24.6,0.0,0,,0,104.9
2025-11-19,South,24.1,14.5,0,,0,104.88
2025-11-20,South,25.8,0.0,0,,0,104.91
2025-11-21,South,27.7,0.0,0,,0,104.9
2025-11-22,South,25.3,9.4,0,,0,104.86
2025-11-23,South,23.5,25.7,0,,0,104.89
2025-11-24,South,26.0,0.0,0,,0,104.88
2025-11-25,South,27.7,0.0,0,,0,104.87
2025-11-26,South,24.2,12.6,0,,0,104.88
2025-11-27,South,24.7,1.5,0,,0,104.92
2025-11-28,South,27.0,0.0,0,,0,104.92
2025-11-29,South,25.8,1.4,0,,0,104.89
2025-11-30,South,27.2,0.0,0,,0,104.91
2025-12-01,South,26.0,6.2,0,,0,104.9
2025-12-02,South,27.1,5.2,0,,0,104.96
2025-12-03,South,24.7,0.0,0,,0,104.96
2025-12-04,South,26.3,0.0,0,,0,104.9
2025-12-05,South,26.0,0.0,0,,0,104.92
2025-12-06,South,23.6,22.0,0,,0,104.98
2025-12-07,South,24.0,0.0,0,,0,105.03
2025-12-08,South,27.4,0.0,0,,0,105.09
2025-12-09,South,25.9,0.0,0,,0,105.06
2025-12-10,South,24.8,2.3,0,,0,105.09
2025-12-11,South,26.2,2.9,0,,0,105.08
2025-12-12,South,28.2,0.0,0,,0,105.09
2025-12-13,South,22.9,3.7,0,,0,105.05
2025-12-14,South,24.3,0.0,0,,0,105.04
2025-12-15,South,25.0,5.3,0,,0,105.02
2025-12-16,South,28.8,0.0,0,,0,105.05
2025-12-17,South,27.1,0.0,0,,0,105.08
2025-12-18,South,27.8,0.0,0,,0,105.09
2025-12-19,South,25.0,0.0,0,,0,105.06
2025-12-20,South,24.1,24.8,0,,0,105.05
2025-12-21,South,27.4,0.0,0,,0,105.03
2025-12-22,South,26.9,0.0,0,,0,105.06
2025-12-23,South,27.7,0.0,0,,0,105.1
2025-12-24,South,26.5,2.6,0,,0,105.14
2025-12-25,South,27.3,0.0,1,Christmas,0,105.12
2025-12-26,South,27.2,0.0,0,,0,105.04
2025-12-27,South,28.2,0.0,0,,0,104.99
2025-12-28,South,26.2,49.8,0,,0,105.04
2025-12-29,South,24.6,0.0,0,,0,105.03
2025-12-30,South,23.7,0.0,0,,0,105.01
2025-12-31,South,28.6,0.0,0,,0,105.06
2024-01-01,West,26.9,0.0,0,,0,104.14
2024-01-02,West,26.7,0.0,0,,0,104.18
2024-01-03,West,26.6,0.0,0,,1,104.16
2024-01-04,West,26.3,0.0,0,,0,104.16
2024-01-05,West,25.5,0.0,0,,0,104.12
2024-01-06,West,28.7,0.0,0,,0,104.11
2024-01-07,West,24.6,0.0,0,,0,104.1
2024-01-08,West,26.0,0.0,0,,0,104.11
2024-01-09,West,26.1,0.0,0,,0,104.13
2024-01-10,West,26.7,0.0,0,,1,104.17
2024-01-11,West,25.5,0.0,0,,0,104.2
2024-01-12,West,26.7,0.0,0,,0,104.23
2024-01-13,West,26.0,0.0,0,,0,104.28
2024-01-14,West,23.6,9.9,0,,0,104.3
2024-01-15,West,26.4,0.0,0,,0,104.3
2024-01-16,West,24.8,0.0,0,,0,104.34
2024-01-17,West,23.9,0.0,0,,0,104.37
2024-01-18,West,26.8,0.0,0,,0,104.4
2024-01-19,West,27.4,0.0,0,,0,104.36
2024-01-20,West,27.5,0.0,0,,0,104.34
2024-01-21,West,27.6,0.0,0,,0,104.33
2024-01-22,West,24.0,0.0,0,,0,104.36
2024-01-23,West,24.9,0.0,0,,0,104.36
2024-01-24,West,30.0,0.0,0,,0,104.4
2024-01-25,West,25.5,0.0,0,,0,104.44
2024-01-26,West,28.0,0.0,1,Republic Day,0,104.48
2024-01-27,West,26.2,0.0,0,,0,104.52
2024-01-28,West,27.4,0.0,0,,0,104.5
2024-01-29,West,26.4,0.0,0,,0,104.52
2024-01-30,West,28.2,0.0,0,,0,104.5
2024-01-31,West,27.7,0.0,0,,0,104.46
2024-02-01,West,26.9,0.0,0,,0,104.45
2024-02-02,West,26.0,0.0,0,,0,104.5
2024-02-03,West,28.1,0.0,0,,0,104.51
2024-02-04,West,25.9,0.0,0,,0,104.58
2024-02-05,West,28.5,0.0,0,,0,104.59
2024-02-06,West,31.8,0.0,0,,0,104.66
2024-02-07,West,30.0,0.0,0,,0,104.67
2024-02-08,West,,0.0,0,,0,104.68
2024-02-09,West,28.0,0.0,0,,0,104.64
2024-02-10,West,25.2,0.0,0,,0,104.68
2024-02-11,West,26.2,0.0,0,,0,104.67
2024-02-12,West,30.2,0.0,0,,0,104.65
2024-02-13,West,27.2,0.0,0,,0,104.7
2024-02-14,West,27.4,0.0,0,,0,104.74
2024-02-15,West,28.2,0.0,0,,0,104.77
2024-02-16,West,27.0,0.0,0,,0,104.77
2024-02-17,West,26.8,0.0,0,,0,104.77
2024-02-18,West,28.6,0.0,0,,0,104.77
2024-02-19,West,27.4,0.0,0,,0,104.8
2024-02-20,West,27.7,0.0,0,,0,104.85
2024-02-21,West,27.7,0.0,0,,0,104.86
2024-02-22,West,29.8,0.0,0,,0,104.93
2024-02-23,West,28.5,5.1,0,,0,104.96
2024-02-24,West,28.8,1.5,0,,0,104.96
2024-02-25,West,30.1,0.0,0,,0,104.98
2024-02-26,West,29.0,0.0,0,,0,105.04
2024-02-27,West,28.9,0.0,0,,0,105.1
2024-02-28,West,30.1,0.0,0,,0,105.14
2024-02-29,West,30.4,0.0,0,,0,105.15
2024-03-01,West,29.3,0.0,0,,0,105.15
2024-03-02,West,29.7,0.0,0,,0,105.17
2024-03-03,West,28.4,0.0,0,,0,105.22
2024-03-04,West,28.3,1.6,0,,0,105.24
2024-03-05,West,30.9,0.0,0,,0,105.26
2024-03-06,West,30.5,0.2,0,,0,105.26
2024-03-07,West,30.6,0.0,0,,0,105.26
2024-03-08,West,30.4,0.0,0,,0,105.25
2024-03-09,West,30.1,0.0,0,,0,105.26
2024-03-10,West,31.1,0.0,0,,0,105.32
2024-03-11,West,31.5,0.0,0,,0,105.32
2024-03-12,West,31.2,7.1,0,,0,105.32
2024-03-13,West,30.1,0.0,0,,0,105.3
2024-03-14,West,32.4,0.0,0,,0,105.32
2024-03-15,West,30.7,0.0,0,,0,105.37
2024-03-16,West,31.3,0.0,0,,0,105.42
2024-03-17,West,30.9,0.0,0,,0,105.43
2024-03-18,West,30.9,0.0,0,,0,105.45
2024-03-19,West,29.5,0.0,0,,0,105.45
2024-03-20,West,31.7,0.0,0,,0,105.47
2024-03-21,West,34.8,2.6,0,,0,105.49
2024-03-22,West,,0.0,0,,0,105.49
2024-03-23,West,30.9,0.0,0,,0,105.5
2024-03-24,West,30.1,0.0,0,,0,105.52
2024-03-25,West,,0.0,1,Holi,0,105.51
2024-03-26,West,33.2,0.0,0,,0,105.51
2024-03-27,West,29.9,0.0,0,,0,105.56
2024-03-28,West,30.3,0.0,0,,0,105.65
2024-03-29,West,28.7,0.0,0,,0,105.62
2024-03-30,West,30.0,0.0,0,,0,105.58
2024-03-31,West,28.4,3.3,0,,0,105.56
2024-04-01,West,32.1,0.0,0,,0,105.56
2024-04-02,West,35.2,5.4,0,,1,105.59
2024-04-03,West,30.7,0.0,0,,0,105.61
2024-04-04,West,28.8,0.0,0,,0,105.62
2024-04-05,West,32.7,0.0,0,,0,105.64
2024-04-06,West,30.3,0.0,0,,0,105.62
2024-04-07,West,33.4,0.0,0,,0,105.62
2024-04-08,West,31.0,0.0,0,,0,105.63
2024-04-09,West,30.5,0.0,0,,0,105.58
2024-04-10,West,31.2,0.0,0,,0,105.55
2024-04-11,West,32.7,0.0,1,Eid al-Fitr,0,105.52
2024-04-12,West,31.2,0.0,0,,0,105.55
2024-04-13,West,30.9,0.0,0,,0,105.56
2024-04-14,West,31.3,0.0,0,,0,105.58
2024-04-15,West,29.8,0.0,0,,0,105.53
2024-04-16,West,32.3,0.0,0,,0,105.49
2024-04-17,West,29.0,0.0,0,,0,105.51
2024-04-18,West,31.1,0.0,0,,0,105.43
2024-04-19,West,32.9,0.0,0,,0,105.48
2024-04-20,West,32.2,0.0,0,,0,105.42
2024-04-21,West,32.7,0.0,0,,0,105.45
2024-04-22,West,31.7,0.0,0,,0,105.43
2024-04-23,West,33.6,0.0,0,,0,105.47
2024-04-24,West,33.3,0.0,0,,0,105.57
2024-04-25,West,32.6,0.0,0,,0,105.5
2024-04-26,West,33.3,0.0,0,,0,105.53
2024-04-27,West,33.0,0.0,0,,0,105.48
2024-04-28,West,31.3,0.0,0,,0,105.49
2024-04-29,West,29.9,0.0,0,,0,105.49
2024-04-30,West,32.6,0.0,0,,0,105.5
2024-05-01,West,32.8,0.0,0,,0,105.48
2024-05-02,West,33.6,0.0,0,,0,105.5
2024-05-03,West,30.6,0.0,0,,0,105.46
2024-05-04,West,30.6,0.0,0,,0,105.51
2024-05-05,West,32.7,,0,,0,105.5
2024-05-06,West,31.9,0.0,0,,0,105.46
2024-05-07,West,29.2,0.0,0,,0,105.51
2024-05-08,West,32.6,0.0,0,,0,105.51
2024-05-09,West,29.2,0.0,0,,0,105.57
2024-05-10,West,30.6,0.0,0,,0,105.62
2024-05-11,West,34.0,0.0,0,,0,105.6
2024-05-12,West,34.7,0.0,0,,0,105.6
2024-05-13,West,30.2,0.0,0,,0,105.6
2024-05-14,West,31.5,0.0,0,,0,105.65
2024-05-15,West,32.0,0.0,0,,0,105.67
2024-05-16,West,34.6,0.0,0,,0,105.68
2024-05-17,West,31.2,0.0,0,,0,105.68
2024-05-18,West,31.2,0.0,0,,0,105.68
2024-05-19,West,34.3,0.0,0,,0,105.72
2024-05-20,West,31.4,0.0,0,,0,105.73
2024-05-21,West,33.0,0.0,0,,0,105.72
2024-05-22,West,29.7,0.0,0,,0,105.71
2024-05-23,West,31.6,0.0,0,,0,105.69
2024-05-24,West,29.4,0.0,0,,0,105.66
2024-05-25,West,30.3,0.0,0,,0,105.64
2024-05-26,West,33.1,0.0,0,,0,105.69
2024-05-27,West,31.7,0.0,0,,0,105.68
2024-05-28,West,30.9,10.5,0,,0,105.71
2024-05-29,West,30.6,0.0,0,,0,105.64
2024-05-30,West,31.4,0.0,0,,0,105.66
2024-05-31,West,32.2,0.0,0,,0,105.66
2024-06-01,West,32.4,19.6,0,,0,105.65
2024-06-02,West,27.5,4.6,0,,0,105.66
2024-06-03,West,30.0,10.4,0,,0,105.65
2024-06-04,West,31.3,14.4,0,,0,105.59
2024-06-05,West,31.1,8.7,0,,0,105.62
2024-06-06,West,31.1,25.0,0,,0,105.63
2024-06-07,West,31.9,0.0,0,,0,105.63
2024-06-08,West,31.0,0.0,0,,0,105.6
2024-06-09,West,30.0,15.5,0,,0,105.56
2024-06-10,West,29.8,30.8,0,,0,105.57
2024-06-11,West,33.0,1.2,0,,0,105.62
2024-06-12,West,,0.0,0,,1,105.63
2024-06-13,West,31.2,0.0,0,,0,105.6
2024-06-14,West,30.6,23.3,0,,0,105.61
2024-06-15,West,33.3,6.7,0,,0,105.61
2024-06-16,West,30.6,3.7,0,,0,105.64
2024-06-17,West,32.6,0.0,0,,0,105.66
2024-06-18,West,32.9,0.0,0,,0,105.58
2024-06-19,West,30.9,2.3,0,,0,105.6
2024-06-20,West,30.1,15.1,0,,0,105.57
2024-06-21,West,29.9,13.8,0,,0,105.53
2024-06-22,West,30.5,0.0,0,,0,105.53
2024-06-23,West,32.1,0.0,0,,0,105.55
2024-06-24,West,31.1,0.7,0,,0,105.5
2024-06-25,West,30.6,13.9,0,,0,105.53
2024-06-26,West,28.8,4.7,0,,0,105.55
2024-06-27,West,29.0,6.1,0,,0,105.56
2024-06-28,West,33.8,0.0,0,,0,105.54
2024-06-29,West,29.9,10.6,0,,0,105.51
2024-06-30,West,29.3,0.0,0,,0,105.55
2024-07-01,West,32.1,12.3,0,,0,105.5
2024-07-02,West,30.7,4.1,0,,0,105.54
2024-07-03,West,31.1,2.3,0,,0,105.54
2024-07-04,West,29.2,21.8,0,,0,105.54
2024-07-05,West,29.4,7.5,0,,0,105.49
2024-07-06,West,29.9,0.0,0,,0,105.49
2024-07-07,West,27.8,6.7,0,,0,105.52
2024-07-08,West,29.8,3.9,0,,0,105.48
2024-07-09,West,30.3,2.6,0,,0,105.5
2024-07-10,West,32.6,3.5,0,,0,105.51
2024-07-11,West,30.0,0.0,0,,0,105.49
2024-07-12,West,26.3,0.0,0,,0,105.52
2024-07-13,West,29.5,2.4,0,,0,105.46
2024-07-14,West,33.8,0.0,0,,0,105.47
2024-07-15,West,30.9,0.0,0,,0,105.52
2024-07-16,West,28.3,0.0,0,,0,105.57
2024-07-17,West,29.7,18.0,0,,0,105.59
2024-07-18,West,28.3,0.1,0,,0,105.58
2024-07-19,West,27.2,4.2,0,,0,105.57
2024-07-20,West,28.8,0.0,0,,0,105.56
2024-07-21,West,29.4,0.0,0,,0,105.58
2024-07-22,West,24.3,50.4,0,,0,105.56
2024-07-23,West,25.6,44.4,0,,0,105.59
2024-07-24,West,29.1,0.0,0,,0,105.66
2024-07-25,West,28.4,0.0,0,,0,105.66
2024-07-26,West,29.0,13.0,0,,0,105.62
2024-07-27,West,27.0,0.0,0,,0,105.59
2024-07-28,West,28.9,22.3,0,,0,105.61
2024-07-29,West,25.7,31.5,0,,0,105.62
2024-07-30,West,31.0,1.3,0,,0,105.65
2024-07-31,West,26.0,0.0,0,,0,105.63
2024-08-01,West,26.9,0.0,0,,0,105.66
2024-08-02,West,29.0,2.2,0,,0,105.66
2024-08-03,West,30.7,3.9,0,,0,105.64
2024-08-04,West,27.9,22.8,0,,0,105.64
2024-08-05,West,28.9,3.9,0,,0,105.6
2024-08-06,West,27.4,19.2,0,,0,105.67
2024-08-07,West,25.7,22.1,0,,0,105.67
2024-08-08,West,27.1,4.2,0,,0,105.69
2024-08-09,West,25.7,12.0,0,,0,105.68
2024-08-10,West,25.7,7.6,0,,0,105.65
2024-08-11,West,28.4,0.0,0,,0,105.65
2024-08-12,West,25.7,9.1,0,,0,105.69
2024-08-13,West,28.2,0.0,0,,0,105.68
2024-08-14,West,25.7,0.0,0,,0,105.65
2024-08-15,West,27.5,12.6,1,Independence Day,0,105.66
2024-08-16,West,26.5,6.2,0,,0,105.68
2024-08-17,West,28.0,37.8,0,,0,105.73
2024-08-18,West,26.8,25.4,0,,0,105.75
2024-08-19,West,28.8,7.0,0,,0,105.77
2024-08-20,West,25.9,4.8,0,,0,105.8
2024-08-21,West,27.0,4.5,0,,0,105.77
2024-08-22,West,25.5,3.2,0,,0,105.74
2024-08-23,West,25.1,32.8,0,,0,105.71
2024-08-24,West,26.5,0.0,0,,0,105.68
2024-08-25,West,25.7,1.5,0,,0,105.71
2024-08-26,West,24.2,18.1,0,,0,105.72
2024-08-27,West,24.6,0.0,0,,0,105.72
2024-08-28,West,21.6,38.8,0,,0,105.65
2024-08-29,West,25.0,0.0,0,,0,105.72
2024-08-30,West,27.2,7.2,0,,0,105.69
2024-08-31,West,23.7,8.8,0,,0,105.76
2024-09-01,West,24.4,0.0,0,,0,105.72
2024-09-02,West,29.0,1.3,0,,0,105.7
2024-09-03,West,24.5,20.9,0,,0,105.64
2024-09-04,West,26.7,0.0,0,,0,105.65
2024-09-05,West,27.1,0.0,0,,0,105.62
2024-09-06,West,27.1,0.0,0,,0,105.59
2024-09-07,West,23.3,11.1,1,Ganesh Chaturthi,0,105.56
2024-09-08,West,24.4,30.4,0,,0,105.58
2024-09-09,West,23.5,0.0,0,,0,105.61
2024-09-10,West,29.5,1.1,0,,0,105.67
2024-09-11,West,22.3,27.3,0,,1,105.65
2024-09-12,West,24.2,0.0,0,,0,105.66
2024-09-13,West,22.9,29.9,0,,0,105.63
2024-09-14,West,22.1,32.9,0,,0,105.62
2024-09-15,West,27.4,5.3,0,,0,105.61
2024-09-16,West,27.2,50.2,0,,0,105.63
2024-09-17,West,24.8,0.0,0,,0,105.66
2024-09-18,West,23.4,0.0,0,,0,105.7
2024-09-19,West,21.9,1.8,0,,0,105.68
2024-09-20,West,24.8,4.1,0,,0,105.71
2024-09-21,West,24.1,17.3,0,,0,105.71
2024-09-22,West,22.6,40.0,0,,0,105.71
2024-09-23,West,25.2,6.4,0,,0,105.69
2024-09-24,West,25.7,0.0,0,,0,105.68
2024-09-25,West,25.2,8.2,0,,0,105.73
2024-09-26,West,24.5,0.4,0,,0,105.75
2024-09-27,West,23.3,0.0,0,,0,105.75
2024-09-28,West,25.9,1.9,0,,0,105.75
2024-09-29,West,24.9,0.0,0,,0,105.83
2024-09-30,West,26.2,0.3,0,,0,105.87
2024-10-01,West,26.0,0.0,0,,1,105.85
2024-10-02,West,22.6,0.0,1,Gandhi Jayanti,0,105.85
2024-10-03,West,22.6,0.0,0,,0,105.85
2024-10-04,West,23.6,0.0,0,,0,105.86
2024-10-05,West,23.1,0.0,0,,1,105.84
2024-10-06,West,25.7,0.0,0,,0,105.86
2024-10-07,West,25.1,0.0,0,,0,105.9
2024-10-08,West,26.2,0.0,0,,0,105.87
2024-10-09,West,25.1,0.0,0,,0,105.84
2024-10-10,West,24.8,0.0,0,,0,105.83
2024-10-11,West,26.2,0.0,0,,0,105.82
2024-10-12,West,25.1,1.0,1,Dussehra,0,105.88
2024-10-13,West,24.5,0.0,0,,0,105.92
2024-10-14,West,26.5,0.5,0,,0,105.95
2024-10-15,West,24.4,2.3,0,,0,105.94
2024-10-16,West,23.8,0.0,0,,0,105.94
2024-10-17,West,23.0,0.0,0,,0,105.9
2024-10-18,West,25.3,0.0,0,,0,105.93
2024-10-19,West,26.1,0.0,0,,0,105.95
2024-10-20,West,24.1,,0,,0,105.99
2024-10-21,West,26.1,0.0,0,,0,105.99
2024-10-22,West,21.2,0.0,0,,0,105.99
2024-10-23,West,24.1,0.0,0,,1,106.0
2024-10-24,West,24.1,0.0,0,,0,106.03
2024-10-25,West,23.0,0.0,0,,0,105.99
2024-10-26,West,27.7,0.0,0,,0,106.01
2024-10-27,West,24.0,0.0,0,,0,106.02
2024-10-28,West,23.5,0.0,0,,0,105.99
2024-10-29,West,24.1,0.0,0,,0,105.93
2024-10-30,West,21.0,0.0,0,,0,105.93
2024-10-31,West,22.8,1.7,0,,0,105.98
2024-11-01,West,25.5,0.0,1,Diwali,0,106.03
2024-11-02,West,23.1,0.0,0,,0,106.05
2024-11-03,West,22.8,0.0,0,,0,106.11
2024-11-04,West,26.0,0.0,0,,0,106.11
2024-11-05,West,26.0,0.0,0,,0,106.14
2024-11-06,West,24.8,0.0,0,,0,106.13
2024-11-07,West,23.3,0.0,0,,0,106.12
2024-11-08,West,23.6,0.0,0,,0,106.11
2024-11-09,West,22.8,0.0,0,,0,106.05
2024-11-10,West,22.5,0.0,0,,0,106.09
2024-11-11,West,22.4,1.8,0,,0,106.08
2024-11-12,West,23.1,0.0,0,,0,106.06
2024-11-13,West,22.5,0.0,0,,0,106.03
2024-11-14,West,21.7,0.0,0,,0,106.02
2024-11-15,West,24.4,0.0,0,,0,106.08
2024-11-16,West,24.4,0.0,0,,0,106.15
2024-11-17,West,26.6,0.0,0,,0,106.1
2024-11-18,West,23.1,0.0,0,,0,106.09
2024-11-19,West,24.5,0.0,0,,0,106.07
2024-11-20,West,24.6,0.0,0,,0,106.1
2024-11-21,West,23.7,0.0,0,,0,106.11
2024-11-22,West,25.2,0.0,0,,0,106.1
2024-11-23,West,25.3,0.0,0,,1,106.1
2024-11-24,West,24.6,2.0,0,,0,106.09
2024-11-25,West,23.8,0.0,0,,0,106.15
2024-11-26,West,23.7,0.0,0,,0,106.17
2024-11-27,West,22.2,0.0,0,,0,106.19
2024-11-28,West,23.0,0.0,0,,0,106.12
2024-11-29,West,23.3,0.0,0,,0,106.12
2024-11-30,West,22.6,0.0,0,,0,106.18
2024-12-01,West,25.0,0.0,0,,0,106.23
2024-12-02,West,26.1,0.0,0,,0,106.18
2024-12-03,West,23.0,0.0,0,,0,106.17
2024-12-04,West,24.8,0.0,0,,0,106.14
2024-12-05,West,22.9,0.0,0,,0,106.19
2024-12-06,West,24.0,0.0,0,,0,106.21
2024-12-07,West,23.5,0.0,0,,0,106.19
2024-12-08,West,25.4,0.0,0,,0,106.19
2024-12-09,West,23.6,0.0,0,,0,106.12
2024-12-10,West,,0.0,0,,0,106.09
2024-12-11,West,24.3,0.0,0,,0,106.09
2024-12-12,West,23.7,0.0,0,,0,106.12
2024-12-13,West,22.8,0.0,0,,0,106.07
2024-12-14,West,25.1,0.0,0,,0,106.06
2024-12-15,West,26.0,4.3,0,,0,106.1
2024-12-16,West,25.1,3.9,0,,0,106.06
2024-12-17,West,28.2,0.0,0,,0,106.07
2024-12-18,West,27.1,0.0,0,,0,106.07
2024-12-19,West,24.5,0.0,0,,0,106.13
2024-12-20,West,24.5,0.0,0,,0,106.13
2024-12-21,West,25.8,0.0,0,,0,106.12
2024-12-22,West,23.9,0.0,0,,0,106.15
2024-12-23,West,26.9,0.0,0,,0,106.12
2024-12-24,West,25.8,0.0,0,,0,106.12
2024-12-25,West,25.6,0.0,1,Christmas,0,106.11
2024-12-26,West,26.3,0.0,0,,0,106.11
2024-12-27,West,28.0,0.0,0,,0,106.13
2024-12-28,West,25.7,0.0,0,,0,106.16
2024-12-29,West,25.3,0.0,0,,0,106.14
2024-12-30,West,27.8,0.0,0,,0,106.15
2024-12-31,West,27.0,0.0,0,,1,106.19
2025-01-01,West,25.1,,0,,0,106.17
2025-01-02,West,25.6,0.0,0,,0,106.18
2025-01-03,West,26.0,0.0,0,,0,106.18
2025-01-04,West,26.3,0.0,0,,0,106.18
2025-01-05,West,23.8,0.0,0,,0,106.14
2025-01-06,West,23.1,11.0,0,,0,106.18
2025-01-07,West,24.6,0.0,0,,0,106.16
2025-01-08,West,24.5,0.0,0,,0,106.2
2025-01-09,West,25.1,0.0,0,,0,106.18
2025-01-10,West,27.1,0.0,0,,0,106.17
2025-01-11,West,25.9,0.0,0,,0,106.21
2025-01-12,West,26.5,0.0,0,,0,106.24
2025-01-13,West,24.4,0.0,0,,0,106.25
2025-01-14,West,25.7,0.0,0,,0,106.28
2025-01-15,West,27.3,0.0,0,,0,106.28
2025-01-16,West,27.4,0.0,0,,0,106.28
2025-01-17,West,25.5,0.0,0,,0,106.26
2025-01-18,West,26.8,0.0,0,,0,106.29
2025-01-19,West,30.0,0.0,0,,0,106.28
2025-01-20,West,26.7,0.0,0,,0,106.33
2025-01-21,West,25.8,0.0,0,,0,106.32
2025-01-22,West,26.6,0.0,0,,1,106.33
2025-01-23,West,27.1,0.0,0,,0,106.35
2025-01-24,West,26.8,0.0,0,,0,106.36
2025-01-25,West,27.0,0.0,0,,0,106.35
2025-01-26,West,25.0,0.0,1,Republic Day,0,106.36
2025-01-27,West,25.8,0.0,0,,0,106.39
2025-01-28,West,27.0,0.0,0,,0,106.37
2025-01-29,West,27.1,0.0,0,,0,106.37
2025-01-30,West,26.6,0.0,0,,0,106.37
2025-01-31,West,27.2,0.0,0,,0,106.4
2025-02-01,West,27.6,0.0,0,,0,106.41
2025-02-02,West,28.9,0.0,0,,0,106.46
2025-02-03,West,27.5,0.0,0,,0,106.46
2025-02-04,West,28.3,0.0,0,,0,106.46
2025-02-05,West,27.0,0.0,0,,0,106.46
2025-02-06,West,28.7,0.0,0,,0,106.42
2025-02-07,West,,0.0,0,,0,106.4
2025-02-08,West,29.3,0.0,0,,0,106.38
2025-02-09,West,29.2,0.0,0,,0,106.42
2025-02-10,West,29.0,0.0,0,,0,106.43
2025-02-11,West,28.1,0.0,0,,0,106.42
2025-02-12,West,28.7,0.0,0,,0,106.46
2025-02-13,West,30.0,0.0,0,,0,106.51
2025-02-14,West,27.5,0.0,0,,0,106.55
2025-02-15,West,27.6,0.0,0,,0,106.53
2025-02-16,West,28.8,0.0,0,,0,106.52
2025-02-17,West,29.3,0.0,0,,0,106.57
2025-02-18,West,27.5,0.0,0,,0,106.59
2025-02-19,West,28.7,0.0,0,,0,106.58
2025-02-20,West,28.7,0.0,0,,0,106.61
2025-02-21,West,25.6,0.0,0,,0,106.64
2025-02-22,West,28.6,0.0,0,,0,106.63
2025-02-23,West,28.8,0.0,0,,0,106.64
2025-02-24,West,28.9,0.0,0,,0,106.67
2025-02-25,West,31.3,0.0,0,,0,106.64
2025-02-26,West,27.4,0.0,0,,0,106.64
2025-02-27,West,28.1,0.0,0,,0,106.61
2025-02-28,West,25.4,0.0,0,,0,106.59
2025-03-01,West,28.7,0.0,0,,0,106.58
2025-03-02,West,28.9,0.0,0,,0,106.59
2025-03-03,West,28.8,0.0,0,,0,106.59
2025-03-04,West,31.3,0.0,0,,0,106.57
2025-03-05,West,31.0,0.0,0,,0,106.58
2025-03-06,West,29.9,0.0,0,,0,106.55
2025-03-07,West,29.3,0.0,0,,0,106.57
2025-03-08,West,31.4,0.0,0,,0,106.6
2025-03-09,West,29.9,0.0,0,,0,106.6
2025-03-10,West,28.8,0.0,0,,0,106.6
2025-03-11,West,27.5,0.0,0,,0,106.62
2025-03-12,West,29.4,0.0,0,,0,106.56
2025-03-13,West,31.3,0.0,0,,0,106.58
2025-03-14,West,33.6,0.0,1,Holi,0,106.68
2025-03-15,West,30.4,0.0,0,,0,106.68
2025-03-16,West,29.2,0.0,0,,0,106.68
2025-03-17,West,28.6,0.0,0,,1,106.71
2025-03-18,West,31.3,0.0,0,,0,106.76
2025-03-19,West,27.9,0.0,0,,0,106.79
2025-03-20,West,31.4,0.0,0,,0,106.73
2025-03-21,West,31.8,0.0,0,,0,106.75
2025-03-22,West,31.3,0.0,0,,0,106.83
2025-03-23,West,30.4,0.0,0,,0,106.86
2025-03-24,West,31.6,0.0,0,,0,106.83
2025-03-25,West,,0.0,0,,0,106.84
2025-03-26,West,29.7,0.0,0,,0,106.8
2025-03-27,West,33.7,0.0,0,,0,106.84
2025-03-28,West,30.4,0.0,0,,0,106.82
2025-03-29,West,32.2,0.0,0,,0,106.83
2025-03-30,West,27.4,0.4,0,,0,106.8
2025-03-31,West,33.0,0.0,1,Eid al-Fitr,0,106.79
2025-04-01,West,33.3,0.0,0,,0,106.84
2025-04-02,West,31.2,0.0,0,,0,106.85
2025-04-03,West,32.1,0.0,0,,0,106.83
2025-04-04,West,32.1,0.0,0,,0,106.8
2025-04-05,West,30.3,0.0,0,,0,106.75
2025-04-06,West,32.2,0.0,0,,0,106.72
2025-04-07,West,30.2,0.0,0,,0,106.73
2025-04-08,West,30.5,0.0,0,,0,106.76
2025-04-09,West,33.1,0.0,0,,0,106.75
2025-04-10,West,32.9,0.0,0,,0,106.8
2025-04-11,West,30.5,0.0,0,,0,106.78
2025-04-12,West,30.4,0.0,0,,0,106.78
2025-04-13,West,30.6,0.0,0,,1,106.75
2025-04-14,West,32.7,0.0,0,,0,106.78
2025-04-15,West,30.1,0.0,0,,0,106.85
2025-04-16,West,32.2,0.0,0,,0,106.8
2025-04-17,West,32.8,0.0,0,,0,106.79
2025-04-18,West,31.6,0.0,0,,0,106.84
2025-04-19,West,33.3,0.0,0,,0,106.8
2025-04-20,West,31.3,0.0,0,,0,106.82
2025-04-21,West,31.5,0.0,0,,0,106.86
2025-04-22,West,30.3,0.0,0,,0,106.86
2025-04-23,West,33.0,7.8,0,,0,106.89
2025-04-24,West,30.7,0.0,0,,0,106.94
2025-04-25,West,32.4,0.0,0,,0,107.0
2025-04-26,West,31.8,0.6,0,,0,107.01
2025-04-27,West,30.3,0.0,0,,0,106.99
2025-04-28,West,31.0,0.0,0,,0,106.97
2025-04-29,West,34.0,0.3,0,,0,107.0
2025-04-30,West,32.2,0.0,0,,0,106.97
2025-05-01,West,30.4,0.0,0,,0,106.96
2025-05-02,West,32.4,0.0,0,,0,106.97
2025-05-03,West,31.8,0.0,0,,0,106.96
2025-05-04,West,37.2,0.0,0,,0,106.97
2025-05-05,West,32.4,0.0,0,,0,107.05
2025-05-06,West,31.4,0.0,0,,0,107.05
2025-05-07,West,34.1,0.0,0,,0,107.04
2025-05-08,West,29.2,0.0,0,,0,107.08
2025-05-09,West,32.1,0.0,0,,0,107.09
2025-05-10,West,35.0,0.0,0,,0,107.14
2025-05-11,West,31.8,0.0,0,,0,107.15
2025-05-12,West,29.4,,0,,0,107.14
2025-05-13,West,31.4,0.0,0,,0,107.09
2025-05-14,West,34.2,0.0,0,,0,107.05
2025-05-15,West,32.5,0.0,0,,0,107.0
2025-05-16,West,30.7,0.0,0,,0,107.01
2025-05-17,West,30.9,0.0,0,,0,106.98
2025-05-18,West,30.6,13.3,0,,0,107.02
2025-05-19,West,32.5,0.0,0,,0,107.02
2025-05-20,West,33.9,0.0,0,,0,107.02
2025-05-21,West,33.5,0.0,0,,0,107.0
2025-05-22,West,32.6,0.0,0,,0,107.02
2025-05-23,West,29.9,0.0,0,,0,107.0
2025-05-24,West,29.9,0.0,0,,0,106.97
2025-05-25,West,32.7,0.0,0,,0,107.01
2025-05-26,West,29.8,0.0,0,,0,107.03
2025-05-27,West,31.5,0.0,0,,0,107.03
2025-05-28,West,32.3,0.0,0,,0,107.05
2025-05-29,West,30.1,0.0,0,,0,107.05
2025-05-30,West,30.2,0.0,0,,0,107.07
2025-05-31,West,31.6,,0,,0,107.05
2025-06-01,West,31.5,24.5,0,,0,107.11
2025-06-02,West,32.5,19.2,0,,0,107.1
2025-06-03,West,32.6,0.0,0,,0,107.15
2025-06-04,West,31.7,0.0,0,,0,107.15
2025-06-05,West,30.5,0.0,0,,0,107.18
2025-06-06,West,29.9,0.7,0,,0,107.2
2025-06-07,West,30.6,5.2,0,,0,107.24
2025-06-08,West,32.1,1.7,0,,0,107.22
2025-06-09,West,32.0,0.5,0,,0,107.26
2025-06-10,West,28.3,0.0,0,,0,107.32
2025-06-11,West,29.1,28.0,0,,0,107.31
2025-06-12,West,32.1,26.2,0,,0,107.32
2025-06-13,West,30.8,17.0,0,,0,107.31
2025-06-14,West,29.0,3.0,0,,0,107.3
2025-06-15,West,34.8,0.0,0,,0,107.36
2025-06-16,West,29.3,47.3,0,,0,107.33
2025-06-17,West,31.8,0.0,0,,0,107.31
2025-06-18,West,31.7,0.0,0,,0,107.36
2025-06-19,West,30.5,0.0,0,,0,107.38
2025-06-20,West,,0.0,0,,0,107.45
2025-06-21,West,34.2,0.0,0,,0,107.44
2025-06-22,West,32.5,0.0,0,,0,107.45
2025-06-23,West,31.8,9.5,0,,0,107.43
2025-06-24,West,31.7,1.5,0,,0,107.44
2025-06-25,West,28.9,9.8,0,,0,107.39
2025-06-26,West,31.5,30.2,0,,0,107.41
2025-06-27,West,29.1,9.1,0,,0,107.43
2025-06-28,West,31.1,0.0,0,,0,107.43
2025-06-29,West,27.9,6.0,0,,0,107.42
2025-06-30,West,26.8,18.1,0,,0,107.4
2025-07-01,West,31.0,0.0,0,,0,107.43
2025-07-02,West,28.9,8.5,0,,0,107.39
2025-07-03,West,27.4,0.0,0,,0,107.41
2025-07-04,West,30.9,6.7,0,,0,107.48
2025-07-05,West,33.5,0.0,0,,0,107.53
2025-07-06,West,32.3,0.0,0,,0,107.49
2025-07-07,West,29.3,12.9,0,,0,107.48
2025-07-08,West,29.8,8.8,0,,0,107.49
2025-07-09,West,29.2,54.6,0,,0,107.49
2025-07-10,West,30.5,28.8,0,,0,107.46
2025-07-11,West,29.3,1.7,0,,0,107.47
2025-07-12,West,29.9,0.0,0,,0,107.47
2025-07-13,West,29.6,15.9,0,,0,107.54
2025-07-14,West,30.6,0.0,0,,0,107.53
2025-07-15,West,29.3,5.8,0,,0,107.57
2025-07-16,West,29.4,0.0,0,,0,107.54
2025-07-17,West,30.7,24.0,0,,0,107.51
2025-07-18,West,30.5,21.4,0,,0,107.54
2025-07-19,West,29.7,11.6,0,,0,107.57
2025-07-20,West,31.1,22.0,0,,0,107.55
2025-07-21,West,28.7,0.0,0,,0,107.55
2025-07-22,West,31.0,15.6,0,,0,107.52
2025-07-23,West,30.0,0.1,0,,0,107.51
2025-07-24,West,34.0,1.1,0,,0,107.54
2025-07-25,West,27.2,0.0,0,,0,107.53
2025-07-26,West,26.4,38.3,0,,0,107.53
2025-07-27,West,28.5,25.7,0,,0,107.5
2025-07-28,West,28.8,14.6,0,,0,107.49
2025-07-29,West,31.3,10.8,0,,0,107.54
2025-07-30,West,27.6,2.1,0,,0,107.55
2025-07-31,West,30.0,0.0,0,,0,107.52
2025-08-01,West,29.6,16.8,0,,0,107.52
2025-08-02,West,29.6,0.0,0,,0,107.47
2025-08-03,West,26.1,23.2,0,,0,107.45
2025-08-04,West,28.5,49.0,0,,0,107.49
2025-08-05,West,29.8,8.9,0,,0,107.49
2025-08-06,West,29.0,2.3,0,,0,107.55
2025-08-07,West,28.4,1.8,0,,0,107.55
2025-08-08,West,28.3,2.7,0,,0,107.56
2025-08-09,West,26.0,46.5,0,,0,107.58
2025-08-10,West,28.9,0.0,0,,0,107.5
2025-08-11,West,27.5,11.1,0,,0,107.51
2025-08-12,West,24.9,41.4,0,,0,107.52
2025-08-13,West,25.8,8.9,0,,0,107.56
2025-08-14,West,26.5,1.8,0,,0,107.6
2025-08-15,West,27.9,0.0,1,Independence Day,0,107.57
2025-08-16,West,27.4,2.3,0,,0,107.61
2025-08-17,West,26.6,29.8,0,,0,107.6
2025-08-18,West,28.1,0.9,0,,0,107.58
2025-08-19,West,26.0,10.2,0,,0,107.59
2025-08-20,West,29.5,0.0,0,,0,107.59
2025-08-21,West,26.7,2.4,0,,0,107.64
2025-08-22,West,26.5,0.0,0,,0,107.65
2025-08-23,West,27.4,9.6,0,,0,107.66
2025-08-24,West,24.2,0.0,0,,0,107.69
2025-08-25,West,25.6,4.1,0,,0,107.73
2025-08-26,West,27.7,15.5,0,,0,107.76
2025-08-27,West,24.2,0.0,1,Ganesh Chaturthi,0,107.81
2025-08-28,West,26.9,37.6,0,,0,107.83
2025-08-29,West,26.6,58.1,0,,0,107.84
2025-08-30,West,26.0,0.0,0,,0,107.88
2025-08-31,West,26.9,0.8,0,,0,107.88
2025-09-01,West,28.2,0.0,0,,0,107.88
2025-09-02,West,25.7,0.0,0,,0,107.94
2025-09-03,West,27.6,0.0,0,,0,107.99
2025-09-04,West,25.3,0.0,0,,0,108.0
2025-09-05,West,24.0,37.0,0,,0,107.99
2025-09-06,West,24.9,0.9,0,,0,108.03
2025-09-07,West,25.8,21.6,0,,0,108.06
2025-09-08,West,27.8,0.0,0,,0,108.08
2025-09-09,West,25.7,0.0,0,,0,108.07
2025-09-10,West,23.1,22.6,0,,0,108.08
2025-09-11,West,24.2,0.4,0,,0,108.09
2025-09-12,West,26.3,2.5,0,,0,108.07
2025-09-13,West,28.2,8.8,0,,0,108.08
2025-09-14,West,26.3,0.0,0,,0,108.09
2025-09-15,West,24.7,8.9,0,,0,108.08
2025-09-16,West,26.7,0.0,0,,0,108.12
2025-09-17,West,25.2,0.0,0,,0,108.16
2025-09-18,West,24.9,0.0,0,,0,108.19
2025-09-19,West,23.8,5.6,0,,0,108.19
2025-09-20,West,27.5,0.0,0,,0,108.21
2025-09-21,West,21.5,0.0,0,,0,108.22
2025-09-22,West,26.5,0.0,0,,0,108.19
2025-09-23,West,24.2,7.1,0,,0,108.21
2025-09-24,West,24.4,4.6,0,,0,108.22
2025-09-25,West,27.7,0.0,0,,0,108.3
2025-09-26,West,23.9,2.8,0,,0,108.35
2025-09-27,West,24.0,1.1,0,,0,108.37
2025-09-28,West,23.5,31.0,0,,0,108.39
2025-09-29,West,25.0,13.5,0,,0,108.39
2025-09-30,West,24.2,1.4,0,,0,108.37
2025-10-01,West,22.5,0.0,0,,0,108.32
2025-10-02,West,23.5,0.0,1,Dussehra / Gandhi Jayanti,0,108.3
2025-10-03,West,26.7,0.0,0,,0,108.3
2025-10-04,West,24.8,0.0,0,,0,108.24
2025-10-05,West,25.4,0.0,0,,0,108.23
2025-10-06,West,24.3,0.0,0,,0,108.23
2025-10-07,West,23.6,0.0,0,,0,108.22
2025-10-08,West,27.1,0.0,0,,0,108.21
2025-10-09,West,24.3,0.0,0,,0,108.2
2025-10-10,West,23.8,0.0,0,,0,108.26
2025-10-11,West,25.8,6.7,0,,0,108.28
2025-10-12,West,23.2,3.0,0,,0,108.27
2025-10-13,West,23.5,0.0,0,,0,108.27
2025-10-14,West,24.4,0.0,0,,0,108.27
2025-10-15,West,24.4,0.0,0,,0,108.25
2025-10-16,West,24.7,0.0,0,,0,108.24
2025-10-17,West,27.4,0.0,0,,0,108.27
2025-10-18,West,24.8,0.0,0,,0,108.26
2025-10-19,West,20.7,0.0,0,,1,108.23
2025-10-20,West,24.7,0.0,1,Diwali,0,108.23
2025-10-21,West,24.3,0.0,0,,0,108.24
2025-10-22,West,24.2,0.0,0,,0,108.19
2025-10-23,West,24.5,0.0,0,,0,108.19
2025-10-24,West,24.1,0.0,0,,0,108.22
2025-10-25,West,24.0,0.0,0,,0,108.24
2025-10-26,West,25.0,0.0,0,,0,108.31
2025-10-27,West,23.3,0.0,0,,0,108.35
2025-10-28,West,22.7,0.0,0,,0,108.4
2025-10-29,West,28.5,2.5,0,,0,108.49
2025-10-30,West,22.6,9.1,0,,0,108.51
2025-10-31,West,24.2,0.0,0,,0,108.52
2025-11-01,West,21.8,0.0,0,,0,108.55
2025-11-02,West,24.2,0.0,0,,1,108.54
2025-11-03,West,,0.0,0,,0,108.55
2025-11-04,West,23.3,0.0,0,,0,108.53
2025-11-05,West,25.6,0.0,0,,0,108.55
2025-11-06,West,24.7,0.0,0,,0,108.53
2025-11-07,West,24.9,0.0,0,,0,108.52
2025-11-08,West,21.3,0.0,0,,0,108.53
2025-11-09,West,26.8,0.0,0,,0,108.53
2025-11-10,West,22.2,0.0,0,,0,108.48
2025-11-11,West,26.3,0.0,0,,0,108.44
2025-11-12,West,25.5,0.0,0,,0,108.41
2025-11-13,West,24.9,0.0,0,,0,108.39
2025-11-14,West,22.7,0.0,0,,0,108.4
2025-11-15,West,24.3,0.0,0,,0,108.41
2025-11-16,West,23.3,0.0,0,,0,108.45
2025-11-17,West,24.0,1.6,0,,0,108.48
2025-11-18,West,23.7,0.0,0,,0,108.51
2025-11-19,West,20.7,8.9,0,,0,108.53
2025-11-20,West,25.8,0.0,0,,0,108.55
2025-11-21,West,23.9,2.7,0,,0,108.58
2025-11-22,West,23.4,0.0,0,,0,108.61
2025-11-23,West,23.3,0.0,0,,0,108.63
2025-11-24,West,24.7,0.0,0,,0,108.67
2025-11-25,West,22.8,0.0,0,,0,108.6
2025-11-26,West,20.6,4.1,0,,0,108.6
2025-11-27,West,24.8,0.0,0,,0,108.59
2025-11-28,West,24.1,22.3,0,,0,108.63
2025-11-29,West,23.9,0.0,0,,0,108.68
2025-11-30,West,22.4,3.3,0,,0,108.65
2025-12-01,West,24.4,0.0,0,,1,108.69
2025-12-02,West,22.1,0.0,0,,0,108.66
2025-12-03,West,22.8,0.0,0,,0,108.63
2025-12-04,West,23.3,0.0,0,,0,108.63
2025-12-05,West,25.7,0.0,0,,0,108.62
2025-12-06,West,23.9,0.0,0,,0,108.58
2025-12-07,West,23.8,0.0,0,,0,108.6
2025-12-08,West,27.4,0.0,0,,0,108.63
2025-12-09,West,25.1,0.0,0,,0,108.66
2025-12-10,West,25.1,0.0,0,,0,108.65
2025-12-11,West,24.1,0.0,0,,0,108.66
2025-12-12,West,23.8,0.0,0,,0,108.66
2025-12-13,West,21.4,0.0,0,,0,108.71
2025-12-14,West,26.2,0.0,0,,0,108.63
2025-12-15,West,25.4,0.0,0,,0,108.61
2025-12-16,West,24.5,0.0,0,,0,108.61
2025-12-17,West,24.6,0.0,0,,0,108.58
2025-12-18,West,26.0,0.0,0,,0,108.58
2025-12-19,West,22.6,0.1,0,,0,108.58
2025-12-20,West,24.1,0.5,0,,0,108.56
2025-12-21,West,23.3,0.0,0,,0,108.57
2025-12-22,West,27.7,0.4,0,,0,108.59
2025-12-23,West,26.4,1.5,0,,0,108.59
2025-12-24,West,21.9,0.0,0,,0,108.58
2025-12-25,West,22.9,0.0,1,Christmas,0,108.58
2025-12-26,West,25.1,0.0,0,,0,108.58
2025-12-27,West,24.6,0.0,0,,0,108.54
2025-12-28,West,23.4,0.0,0,,0,108.55
2025-12-29,West,28.3,0.0,0,,0,108.54
2025-12-30,West,25.9,0.0,0,,0,108.59
2025-12-31,West,25.8,9.8,0,,0,108.61
2024-01-01,North,16.5,0.0,0,,0,95.04
2024-01-02,North,14.2,0.0,0,,0,95.02
2024-01-03,North,17.4,0.0,0,,0,95.02
2024-01-04,North,16.0,0.0,0,,0,94.98
2024-01-05,North,19.0,0.0,0,,0,94.98
2024-01-06,North,15.8,0.3,0,,0,95.06
2024-01-07,North,18.4,0.0,0,,0,95.08
2024-01-08,North,19.5,0.0,0,,0,95.08
2024-01-09,North,15.6,0.0,0,,0,95.07
2024-01-10,North,16.7,0.0,0,,0,95.07
2024-01-11,North,17.6,0.0,0,,0,95.08
2024-01-12,North,15.8,0.0,0,,0,95.07
2024-01-13,North,17.6,0.0,0,,0,95.09
2024-01-14,North,17.0,0.0,0,,0,95.06
2024-01-15,North,17.0,0.0,0,,0,95.04
2024-01-16,North,17.5,0.0,0,,0,95.05
2024-01-17,North,17.6,0.0,0,,0,95.02
2024-01-18,North,17.9,0.0,0,,0,95.05
2024-01-19,North,16.8,0.0,0,,0,95.05
2024-01-20,North,17.0,0.0,0,,0,95.0
2024-01-21,North,17.7,0.0,0,,0,95.01
2024-01-22,North,17.9,0.0,0,,0,94.96
2024-01-23,North,17.4,0.0,0,,0,94.99
2024-01-24,North,18.7,0.0,0,,0,94.98
2024-01-25,North,15.6,0.0,0,,0,95.04
2024-01-26,North,17.3,0.0,1,Republic Day,0,95.08
2024-01-27,North,18.1,0.0,0,,0,95.05
2024-01-28,North,17.3,0.0,0,,0,94.99
2024-01-29,North,21.2,0.0,0,,0,94.98
2024-01-30,North,18.9,0.0,0,,0,94.94
2024-01-31,North,18.5,17.0,0,,0,95.0
2024-02-01,North,18.3,0.0,0,,0,95.01
2024-02-02,North,19.2,0.0,0,,0,95.04
2024-02-03,North,17.5,0.0,0,,0,95.03
2024-02-04,North,19.2,0.0,0,,0,95.03
2024-02-05,North,18.1,0.0,0,,0,95.03
2024-02-06,North,19.3,0.0,0,,0,95.07
2024-02-07,North,15.7,7.8,0,,0,95.08
2024-02-08,North,18.2,0.0,0,,0,95.06
2024-02-09,North,21.9,9.0,0,,0,95.11
2024-02-10,North,21.4,0.0,0,,0,95.1
2024-02-11,North,22.3,0.0,0,,0,95.1
2024-02-12,North,22.5,0.0,0,,0,95.01
2024-02-13,North,21.6,0.0,0,,0,95.04
2024-02-14,North,20.0,0.0,0,,0,95.04
2024-02-15,North,19.3,0.0,0,,0,95.05
2024-02-16,North,22.7,0.0,0,,0,95.04
2024-02-17,North,21.2,0.0,0,,0,95.03
2024-02-18,North,25.0,,0,,0,95.02
2024-02-19,North,20.9,0.0,0,,0,95.04
2024-02-20,North,24.5,0.0,0,,0,95.06
2024-02-21,North,21.5,0.0,0,,0,95.06
2024-02-22,North,23.9,0.0,0,,0,95.09
2024-02-23,North,24.5,0.0,0,,0,95.1
2024-02-24,North,20.6,0.0,0,,0,95.08
2024-02-25,North,21.6,0.0,0,,0,95.09
2024-02-26,North,20.9,0.0,0,,0,95.06
2024-02-27,North,20.7,0.0,0,,0,95.07
2024-02-28,North,23.7,0.0,0,,0,95.03
2024-02-29,North,22.6,0.0,0,,0,95.0
2024-03-01,North,23.1,0.0,0,,0,94.94
2024-03-02,North,24.0,0.0,0,,0,94.94
2024-03-03,North,20.6,0.0,0,,0,94.99
2024-03-04,North,25.4,0.0,0,,0,94.99
2024-03-05,North,23.1,0.0,0,,0,95.02
2024-03-06,North,24.6,0.0,0,,0,95.09
2024-03-07,North,24.9,0.0,0,,0,95.11
2024-03-08,North,26.2,0.0,0,,0,95.09
2024-03-09,North,24.1,0.0,0,,0,95.07
2024-03-10,North,21.2,0.0,0,,0,95.08
2024-03-11,North,24.7,0.0,0,,0,95.06
2024-03-12,North,25.0,0.0,0,,0,95.05
2024-03-13,North,23.3,0.0,0,,0,95.08
2024-03-14,North,25.3,0.0,0,,0,95.12
2024-03-15,North,24.7,0.0,0,,0,95.07
2024-03-16,North,23.3,0.0,0,,0,95.05
2024-03-17,North,26.5,0.0,0,,0,95.04
2024-03-18,North,24.8,0.0,0,,0,95.07
2024-03-19,North,25.2,0.0,0,,0,95.1
2024-03-20,North,25.3,0.0,0,,0,95.19
2024-03-21,North,28.0,0.0,0,,0,95.18
2024-03-22,North,26.2,0.0,0,,0,95.17
2024-03-23,North,26.5,0.0,0,,0,95.19
2024-03-24,North,25.5,10.4,0,,0,95.18
2024-03-25,North,27.4,0.0,1,Holi,0,95.17
2024-03-26,North,28.9,0.0,0,,0,95.17
2024-03-27,North,28.0,0.0,0,,0,95.09
2024-03-28,North,28.2,0.0,0,,0,95.1
2024-03-29,North,28.1,4.7,0,,0,95.1
2024-03-30,North,25.4,0.0,0,,0,95.14
2024-03-31,North,26.3,0.0,0,,0,95.14
2024-04-01,North,27.5,0.0,0,,0,95.11
2024-04-02,North,26.8,0.0,0,,0,95.11
2024-04-03,North,26.5,0.0,0,,0,95.05
2024-04-04,North,25.4,0.0,0,,0,95.02
2024-04-05,North,26.3,0.0,0,,0,95.04
2024-04-06,North,28.1,0.0,0,,0,95.04
2024-04-07,North,28.5,0.0,0,,0,95.07
2024-04-08,North,27.6,0.0,0,,0,95.01
2024-04-09,North,29.0,0.0,0,,0,95.01
2024-04-10,North,28.4,0.0,0,,0,95.0
2024-04-11,North,30.8,0.0,1,Eid al-Fitr,0,95.03
2024-04-12,North,29.1,0.3,0,,0,95.06
2024-04-13,North,30.5,0.0,0,,0,95.08
2024-04-14,North,29.9,0.0,0,,0,95.13
2024-04-15,North,27.6,0.0,0,,0,95.12
2024-04-16,North,29.7,0.0,0,,0,95.17
2024-04-17,North,28.2,0.0,0,,0,95.14
2024-04-18,North,30.0,0.0,0,,0,95.11
2024-04-19,North,29.1,0.0,0,,0,95.14
2024-04-20,North,30.9,2.6,0,,0,95.1
2024-04-21,North,28.5,0.0,0,,0,95.12
2024-04-22,North,29.4,32.2,0,,0,95.12
2024-04-23,North,31.6,0.0,0,,0,95.16
2024-04-24,North,32.2,0.0,0,,0,95.16
2024-04-25,North,29.8,0.0,0,,0,95.17
2024-04-26,North,31.1,0.0,0,,0,95.19
2024-04-27,North,31.5,0.0,0,,0,95.17
2024-04-28,North,33.6,0.0,0,,0,95.15
2024-04-29,North,29.2,0.0,0,,0,95.17
2024-04-30,North,30.2,0.0,0,,0,95.18
2024-05-01,North,35.9,0.0,0,,0,95.17
2024-05-02,North,31.3,0.0,0,,0,95.17
2024-05-03,North,29.0,0.0,0,,0,95.22
2024-05-04,North,31.1,0.0,0,,0,95.21
2024-05-05,North,27.9,0.0,0,,0,95.2
2024-05-06,North,32.5,0.0,0,,0,95.15
2024-05-07,North,33.5,0.0,0,,0,95.16
2024-05-08,North,31.0,0.0,0,,0,95.18
2024-05-09,North,31.7,0.0,0,,0,95.21
2024-05-10,North,33.9,0.0,0,,0,95.22
2024-05-11,North,30.0,0.0,0,,0,95.25
2024-05-12,North,30.7,0.0,0,,0,95.28
2024-05-13,North,32.4,0.0,0,,0,95.31
2024-05-14,North,31.7,0.0,0,,0,95.35
2024-05-15,North,32.5,0.0,0,,0,95.4
2024-05-16,North,31.1,0.0,0,,0,95.4
2024-05-17,North,33.4,0.0,0,,0,95.36
2024-05-18,North,32.9,0.1,0,,0,95.38
2024-05-19,North,34.0,0.3,0,,0,95.41
2024-05-20,North,33.5,0.0,0,,0,95.46
2024-05-21,North,33.6,0.0,0,,0,95.51
2024-05-22,North,31.2,0.0,0,,0,95.57
2024-05-23,North,34.2,0.0,0,,0,95.59
2024-05-24,North,33.0,0.0,0,,0,95.6
2024-05-25,North,33.3,0.0,0,,0,95.56
2024-05-26,North,35.1,0.0,0,,0,95.58
2024-05-27,North,32.5,0.0,0,,0,95.56
2024-05-28,North,35.7,0.0,0,,0,95.57
2024-05-29,North,35.9,0.0,0,,0,95.58
2024-05-30,North,34.9,0.0,0,,0,95.6
2024-05-31,North,32.3,0.0,0,,0,95.6
2024-06-01,North,29.8,17.7,0,,0,95.63
2024-06-02,North,34.8,16.8,0,,0,95.55
2024-06-03,North,33.9,3.0,0,,0,95.56
2024-06-04,North,32.8,0.0,0,,0,95.6
2024-06-05,North,35.4,6.7,0,,0,95.66
2024-06-06,North,32.6,0.0,0,,0,95.69
2024-06-07,North,32.9,10.1,0,,0,95.74
2024-06-08,North,34.7,1.1,0,,0,95.75
2024-06-09,North,32.2,2.3,0,,0,95.76
2024-06-10,North,32.2,39.7,0,,0,95.78
2024-06-11,North,35.3,8.5,0,,0,95.78
2024-06-12,North,33.6,18.8,0,,0,95.76
2024-06-13,North,35.9,0.0,0,,0,95.75
2024-06-14,North,35.5,5.4,0,,0,95.72
2024-06-15,North,34.0,0.0,0,,0,95.74
2024-06-16,North,30.5,0.0,0,,0,95.75
2024-06-17,North,31.7,14.4,0,,0,95.74
2024-06-18,North,35.0,2.1,0,,0,95.73
2024-06-19,North,31.5,3.6,0,,0,95.74
2024-06-20,North,31.5,47.5,0,,0,95.77
2024-06-21,North,33.4,25.4,0,,0,95.74
2024-06-22,North,34.2,46.8,0,,0,95.71
2024-06-23,North,31.5,38.6,0,,0,95.74
2024-06-24,North,32.2,18.0,0,,0,95.7
2024-06-25,North,33.7,0.0,0,,0,95.72
2024-06-26,North,33.0,32.6,0,,0,95.78
2024-06-27,North,33.3,5.4,0,,0,95.83
2024-06-28,North,35.1,3.3,0,,0,95.85
2024-06-29,North,32.5,0.0,0,,0,95.88
2024-06-30,North,33.3,12.6,0,,0,95.95
2024-07-01,North,34.1,3.1,0,,0,95.89
2024-07-02,North,32.9,0.0,0,,0,95.88
2024-07-03,North,34.5,6.8,0,,0,95.9
2024-07-04,North,33.0,14.9,0,,0,95.9
2024-07-05,North,34.5,1.1,0,,0,95.94
2024-07-06,North,33.6,0.0,0,,0,95.94
2024-07-07,North,33.8,0.0,0,,0,95.95
2024-07-08,North,32.2,0.0,0,,0,95.95
2024-07-09,North,31.5,16.9,0,,0,95.93
2024-07-10,North,34.8,3.1,0,,0,95.92
2024-07-11,North,32.9,,0,,0,95.93
2024-07-12,North,31.4,0.0,0,,0,95.92
2024-07-13,North,33.1,0.0,0,,0,95.95
2024-07-14,North,29.2,0.0,0,,0,95.97
2024-07-15,North,31.8,0.9,0,,0,96.01
2024-07-16,North,34.0,0.0,0,,0,95.98
2024-07-17,North,32.3,0.0,0,,0,95.93
2024-07-18,North,32.6,0.0,0,,0,95.94
2024-07-19,North,27.8,0.0,0,,0,96.03
2024-07-20,North,31.5,2.9,0,,0,96.07
2024-07-21,North,32.6,0.0,0,,0,96.06
2024-07-22,North,31.2,,0,,0,96.07
2024-07-23,North,33.0,9.5,0,,0,96.1
2024-07-24,North,31.5,0.0,0,,0,96.06
2024-07-25,North,31.5,0.0,0,,0,96.11
2024-07-26,North,29.6,0.0,0,,0,96.11
2024-07-27,North,31.1,,0,,0,96.11
2024-07-28,North,29.1,9.8,0,,0,96.11
2024-07-29,North,28.1,11.6,0,,0,96.15
2024-07-30,North,29.6,0.0,0,,0,96.13
2024-07-31,North,33.4,0.0,0,,0,96.08
2024-08-01,North,30.6,0.0,0,,0,96.1
2024-08-02,North,29.9,32.2,0,,0,96.04
2024-08-03,North,29.5,12.8,0,,0,96.03
2024-08-04,North,27.9,0.0,0,,0,96.07
2024-08-05,North,31.8,3.2,0,,0,96.1
2024-08-06,North,27.1,0.0,0,,0,96.13
2024-08-07,North,29.4,1.5,0,,0,96.15
2024-08-08,North,,3.5,0,,0,96.23
2024-08-09,North,30.0,8.7,0,,0,96.22
2024-08-10,North,28.8,0.0,0,,0,96.23
2024-08-11,North,27.0,0.0,0,,0,96.22
2024-08-12,North,28.4,0.0,0,,0,96.26
2024-08-13,North,28.4,0.0,0,,0,96.26
2024-08-14,North,27.1,26.7,0,,0,96.31
2024-08-15,North,30.7,,1,Independence Day,0,96.3
2024-08-16,North,27.2,0.0,0,,0,96.35
2024-08-17,North,29.3,2.0,0,,0,96.37
2024-08-18,North,29.0,0.0,0,,0,96.37
2024-08-19,North,29.9,6.0,0,,0,96.39
2024-08-20,North,28.1,6.3,0,,0,96.4
2024-08-21,North,28.3,32.5,0,,0,96.42
2024-08-22,North,28.0,0.0,0,,0,96.42
2024-08-23,North,27.5,31.8,0,,0,96.4
2024-08-24,North,24.0,42.1,0,,0,96.39
2024-08-25,North,23.8,0.0,0,,0,96.35
2024-08-26,North,26.9,33.4,0,,0,96.38
2024-08-27,North,28.1,0.0,0,,0,96.34
2024-08-28,North,28.0,0.0,0,,0,96.34
2024-08-29,North,26.0,10.0,0,,0,96.36
2024-08-30,North,29.1,4.2,0,,0,96.39
2024-08-31,North,26.2,0.0,0,,0,96.34
2024-09-01,North,26.9,11.0,0,,0,96.35
2024-09-02,North,27.4,0.6,0,,0,96.36
2024-09-03,North,29.0,0.0,0,,0,96.37
2024-09-04,North,25.8,0.0,0,,0,96.41
2024-09-05,North,25.1,0.0,0,,0,96.39
2024-09-06,North,23.3,11.2,0,,0,96.34
2024-09-07,North,28.1,0.0,0,,0,96.36
2024-09-08,North,26.3,0.0,0,,0,96.35
2024-09-09,North,26.2,0.0,0,,0,96.3
2024-09-10,North,30.0,0.0,0,,0,96.3
2024-09-11,North,25.7,0.0,0,,0,96.34
2024-09-12,North,21.5,38.4,0,,0,96.31
2024-09-13,North,24.2,9.0,0,,0,96.38
2024-09-14,North,23.1,3.3,0,,0,96.36
2024-09-15,North,23.8,5.2,0,,0,96.37
2024-09-16,North,22.8,25.2,0,,0,96.34
2024-09-17,North,21.5,46.2,0,,0,96.34
2024-09-18,North,22.0,0.0,0,,0,96.34
2024-09-19,North,26.2,3.4,0,,0,96.3
2024-09-20,North,24.2,2.2,0,,0,96.39
2024-09-21,North,23.3,0.1,0,,0,96.38
2024-09-22,North,24.3,7.3,0,,0,96.37
2024-09-23,North,24.1,,0,,0,96.4
2024-09-24,North,22.9,17.7,0,,0,96.46
2024-09-25,North,23.9,3.6,0,,0,96.5
2024-09-26,North,23.1,0.0,0,,0,96.47
2024-09-27,North,23.4,7.6,0,,0,96.48
2024-09-28,North,23.3,9.5,0,,0,96.42
2024-09-29,North,22.7,0.0,0,,0,96.45
2024-09-30,North,21.9,2.6,0,,0,96.41
2024-10-01,North,24.4,0.0,0,,0,96.39
2024-10-02,North,21.3,0.0,1,Gandhi Jayanti,0,96.39
2024-10-03,North,22.4,0.0,0,,0,96.41
2024-10-04,North,22.1,5.9,0,,0,96.41
2024-10-05,North,20.7,0.0,0,,0,96.46
2024-10-06,North,,0.0,0,,0,96.48
2024-10-07,North,20.7,0.0,0,,0,96.51
2024-10-08,North,20.4,0.0,0,,0,96.47
2024-10-09,North,18.8,0.0,0,,0,96.53
2024-10-10,North,19.9,0.0,0,,0,96.51
2024-10-11,North,21.1,0.0,0,,0,96.56
2024-10-12,North,22.5,0.0,1,Dussehra,0,96.63
2024-10-13,North,21.3,0.0,0,,0,96.65
2024-10-14,North,16.4,0.0,0,,0,96.68
2024-10-15,North,21.2,0.0,0,,0,96.59
2024-10-16,North,19.1,2.3,0,,0,96.59
2024-10-17,North,20.2,9.7,0,,0,96.63
2024-10-18,North,19.8,0.0,0,,0,96.66
2024-10-19,North,19.4,0.0,0,,0,96.63
2024-10-20,North,19.4,0.0,0,,0,96.62
2024-10-21,North,19.4,0.0,0,,0,96.55
2024-10-22,North,21.3,0.0,0,,0,96.57
2024-10-23,North,19.2,0.0,0,,0,96.52
2024-10-24,North,20.7,0.0,0,,0,96.55
2024-10-25,North,20.4,0.0,0,,0,96.59
2024-10-26,North,19.8,0.0,0,,0,96.58
2024-10-27,North,16.1,0.0,0,,0,96.6
2024-10-28,North,20.3,0.0,0,,0,96.6
2024-10-29,North,17.8,0.0,0,,0,96.61
2024-10-30,North,19.5,0.0,0,,0,96.58
2024-10-31,North,16.8,0.0,0,,0,96.6
2024-11-01,North,16.4,0.0,1,Diwali,0,96.56
2024-11-02,North,21.1,0.0,0,,0,96.51
2024-11-03,North,16.6,0.0,0,,0,96.51
2024-11-04,North,19.6,0.0,0,,0,96.5
2024-11-05,North,18.0,0.0,0,,0,96.52
2024-11-06,North,17.1,0.0,0,,0,96.5
2024-11-07,North,17.6,0.0,0,,0,96.56
2024-11-08,North,15.6,0.0,0,,0,96.57
2024-11-09,North,17.4,0.0,0,,0,96.58
2024-11-10,North,15.7,0.0,0,,0,96.59
2024-11-11,North,16.7,0.0,0,,0,96.63
2024-11-12,North,18.6,0.0,0,,0,96.65
2024-11-13,North,17.5,0.0,0,,0,96.66
2024-11-14,North,14.8,0.0,0,,0,96.69
2024-11-15,North,18.3,0.0,0,,0,96.64
2024-11-16,North,16.9,0.0,0,,0,96.59
2024-11-17,North,16.0,1.2,0,,0,96.59
2024-11-18,North,17.9,0.0,0,,0,96.59
2024-11-19,North,16.5,0.0,0,,0,96.61
2024-11-20,North,14.9,0.0,0,,0,96.62
2024-11-21,North,19.4,0.0,0,,0,96.64
2024-11-22,North,16.5,0.0,0,,0,96.6
2024-11-23,North,16.4,0.0,0,,0,96.61
2024-11-24,North,15.8,0.0,0,,0,96.57
2024-11-25,North,18.2,0.0,0,,0,96.59
2024-11-26,North,15.6,0.0,0,,0,96.53
2024-11-27,North,13.7,6.3,0,,0,96.55
2024-11-28,North,15.3,0.0,0,,0,96.51
2024-11-29,North,18.2,0.0,0,,0,96.5
2024-11-30,North,17.5,0.0,0,,0,96.53
2024-12-01,North,15.8,0.0,0,,0,96.54
2024-12-02,North,18.2,0.0,0,,0,96.5
2024-12-03,North,17.2,0.0,0,,0,96.48
2024-12-04,North,15.7,0.0,0,,0,96.44
2024-12-05,North,15.8,0.0,0,,0,96.39
2024-12-06,North,16.6,0.0,0,,0,96.4
2024-12-07,North,14.8,0.0,0,,0,96.42
2024-12-08,North,16.0,0.0,0,,0,96.44
2024-12-09,North,16.5,0.0,0,,0,96.46
2024-12-10,North,13.5,0.0,0,,0,96.47
2024-12-11,North,15.7,0.0,0,,0,96.46
2024-12-12,North,15.5,0.0,0,,0,96.43
2024-12-13,North,17.5,0.0,0,,0,96.42
2024-12-14,North,13.2,0.0,0,,0,96.39
2024-12-15,North,15.4,0.0,0,,0,96.37
2024-12-16,North,,0.0,0,,0,96.37
2024-12-17,North,17.5,0.0,0,,0,96.37
2024-12-18,North,16.0,0.0,0,,0,96.47
2024-12-19,North,18.8,0.0,0,,0,96.43
2024-12-20,North,17.1,0.0,0,,0,96.43
2024-12-21,North,15.5,0.0,0,,0,96.39
2024-12-22,North,16.5,0.0,0,,0,96.39
2024-12-23,North,15.6,0.0,0,,0,96.38
2024-12-24,North,17.5,0.0,0,,0,96.41
2024-12-25,North,14.2,0.0,1,Christmas,0,96.4
2024-12-26,North,15.0,0.0,0,,0,96.4
2024-12-27,North,17.0,0.0,0,,0,96.39
2024-12-28,North,18.2,0.0,0,,0,96.35
2024-12-29,North,13.1,0.0,0,,0,96.34
2024-12-30,North,18.5,0.0,0,,0,96.33
2024-12-31,North,16.2,0.0,0,,0,96.34
2025-01-01,North,13.6,1.0,0,,0,96.36
2025-01-02,North,12.0,0.0,0,,0,96.35
2025-01-03,North,14.3,0.0,0,,0,96.35
2025-01-04,North,16.6,0.0,0,,0,96.3
2025-01-05,North,16.6,0.0,0,,0,96.32
2025-01-06,North,17.7,0.0,0,,0,96.3
2025-01-07,North,16.0,0.0,0,,0,96.33
2025-01-08,North,14.9,7.2,0,,0,96.37
2025-01-09,North,16.3,0.0,0,,0,96.37
2025-01-10,North,17.0,0.0,0,,0,96.35
2025-01-11,North,17.4,0.0,0,,0,96.35
2025-01-12,North,16.0,0.0,0,,0,96.36
2025-01-13,North,18.6,0.0,0,,0,96.36
2025-01-14,North,16.4,0.0,0,,0,96.35
2025-01-15,North,16.1,0.0,0,,0,96.37
2025-01-16,North,16.5,2.9,0,,0,96.39
2025-01-17,North,19.2,0.0,0,,0,96.38
2025-01-18,North,17.4,0.0,0,,0,96.33
2025-01-19,North,16.6,1.1,0,,0,96.35
2025-01-20,North,19.2,0.0,0,,0,96.33
2025-01-21,North,21.1,0.0,0,,0,96.34
2025-01-22,North,18.3,0.0,0,,0,96.35
2025-01-23,North,20.0,0.0,0,,0,96.3
2025-01-24,North,19.8,0.0,0,,0,96.31
2025-01-25,North,17.4,0.0,0,,0,96.32
2025-01-26,North,18.4,0.8,1,Republic Day,0,96.35
2025-01-27,North,16.6,0.0,0,,0,96.36
2025-01-28,North,18.3,0.0,0,,0,96.3
2025-01-29,North,17.8,0.0,0,,0,96.34
2025-01-30,North,18.2,0.0,0,,0,96.36
2025-01-31,North,17.8,0.0,0,,0,96.33
2025-02-01,North,18.6,0.0,0,,0,96.31
2025-02-02,North,20.0,0.0,0,,0,96.32
2025-02-03,North,19.1,0.0,0,,0,96.34
2025-02-04,North,16.6,0.0,0,,0,96.33
2025-02-05,North,18.4,0.0,0,,0,96.36
2025-02-06,North,17.4,0.0,0,,0,96.31
2025-02-07,North,20.1,1.0,0,,0,96.28
2025-02-08,North,20.7,0.0,0,,0,96.23
2025-02-09,North,20.4,0.0,0,,0,96.2
2025-02-10,North,19.0,0.0,0,,0,96.25
2025-02-11,North,20.7,0.0,0,,0,96.32
2025-02-12,North,19.8,0.0,0,,0,96.33
2025-02-13,North,18.9,0.0,0,,0,96.31
2025-02-14,North,21.8,0.0,0,,0,96.31
2025-02-15,North,22.1,0.0,0,,0,96.33
2025-02-16,North,22.4,0.0,0,,0,96.29
2025-02-17,North,20.2,0.0,0,,0,96.27
2025-02-18,North,23.0,0.0,0,,0,96.32
2025-02-19,North,20.6,0.9,0,,0,96.29
2025-02-20,North,22.5,0.0,0,,0,96.27
2025-02-21,North,20.9,0.0,0,,0,96.28
2025-02-22,North,21.5,0.0,0,,0,96.29
2025-02-23,North,18.4,0.0,0,,0,96.28
2025-02-24,North,21.7,0.0,0,,0,96.28
2025-02-25,North,22.4,0.0,0,,0,96.3
2025-02-26,North,21.4,9.5,0,,0,96.37
2025-02-27,North,25.2,0.0,0,,0,96.37
2025-02-28,North,21.0,0.0,0,,0,96.37
2025-03-01,North,22.0,0.0,0,,0,96.42
2025-03-02,North,21.7,0.0,0,,0,96.41
2025-03-03,North,22.3,0.0,0,,0,96.37
2025-03-04,North,24.9,0.0,0,,0,96.38
2025-03-05,North,25.5,5.5,0,,0,96.42
2025-03-06,North,22.6,0.0,0,,0,96.43
2025-03-07,North,22.7,0.0,0,,0,96.44
2025-03-08,North,22.0,4.8,0,,0,96.4
2025-03-09,North,26.1,0.0,0,,0,96.4
2025-03-10,North,25.9,0.0,0,,0,96.44
2025-03-11,North,24.3,0.0,0,,0,96.41
2025-03-12,North,22.5,0.0,0,,0,96.4
2025-03-13,North,22.8,0.0,0,,0,96.4
2025-03-14,North,25.1,0.0,1,Holi,0,96.38
2025-03-15,North,25.9,0.0,0,,0,96.39
2025-03-16,North,22.1,0.0,0,,0,96.41
2025-03-17,North,24.9,0.0,0,,0,96.42
2025-03-18,North,27.9,0.0,0,,0,96.4
2025-03-19,North,25.3,0.0,0,,0,96.35
2025-03-20,North,28.0,0.0,0,,0,96.37
2025-03-21,North,26.9,0.0,0,,0,96.35
2025-03-22,North,24.5,0.0,0,,0,96.41
2025-03-23,North,25.8,0.0,0,,0,96.47
2025-03-24,North,26.2,0.0,0,,0,96.54
2025-03-25,North,25.2,0.0,0,,0,96.51
2025-03-26,North,25.3,0.0,0,,0,96.53
2025-03-27,North,29.1,0.0,0,,0,96.56
2025-03-28,North,25.6,0.0,0,,0,96.59
2025-03-29,North,28.8,0.0,0,,0,96.59
2025-03-30,North,26.5,4.2,0,,0,96.63
2025-03-31,North,27.4,0.0,1,Eid al-Fitr,0,96.63
2025-04-01,North,28.5,,0,,0,96.64
2025-04-02,North,26.9,0.0,0,,0,96.6
2025-04-03,North,28.8,0.0,0,,0,96.62
2025-04-04,North,25.0,0.0,0,,0,96.62
2025-04-05,North,28.6,6.1,0,,0,96.63
2025-04-06,North,24.7,0.0,0,,0,96.65
2025-04-07,North,28.2,0.0,0,,0,96.66
2025-04-08,North,29.9,0.0,0,,0,96.66
2025-04-09,North,29.7,0.0,0,,0,96.69
2025-04-10,North,27.0,0.0,0,,0,96.68
2025-04-11,North,27.3,0.0,0,,0,96.64
2025-04-12,North,28.2,0.0,0,,0,96.66
2025-04-13,North,29.6,0.0,0,,0,96.64
2025-04-14,North,26.4,0.0,0,,0,96.61
2025-04-15,North,29.6,0.0,0,,0,96.58
2025-04-16,North,30.2,0.0,0,,0,96.59
2025-04-17,North,29.5,0.0,0,,1,96.6
2025-04-18,North,30.8,0.0,0,,0,96.54
2025-04-19,North,30.5,0.0,0,,0,96.53
2025-04-20,North,29.4,0.0,0,,0,96.57
2025-04-21,North,,0.0,0,,0,96.56
2025-04-22,North,30.7,0.0,0,,0,96.56
2025-04-23,North,29.1,2.1,0,,0,96.59
2025-04-24,North,29.9,0.0,0,,0,96.62
2025-04-25,North,31.6,0.0,0,,0,96.65
2025-04-26,North,33.1,0.0,0,,0,96.58
2025-04-27,North,31.0,1.7,0,,0,96.63
2025-04-28,North,31.6,10.9,0,,0,96.65
2025-04-29,North,29.2,0.0,0,,0,96.73
2025-04-30,North,31.8,0.0,0,,0,96.71
2025-05-01,North,31.4,0.0,0,,0,96.66
2025-05-02,North,33.5,0.0,0,,0,96.67
2025-05-03,North,30.9,0.0,0,,0,96.66
2025-05-04,North,31.5,0.0,0,,0,96.69
2025-05-05,North,33.5,,0,,0,96.72
2025-05-06,North,31.9,0.0,0,,0,96.73
2025-05-07,North,30.5,0.0,0,,0,96.72
2025-05-08,North,36.1,0.0,0,,0,96.74
2025-05-09,North,30.7,0.0,0,,0,96.74
2025-05-10,North,32.3,0.0,0,,0,96.73
2025-05-11,North,33.0,0.0,0,,0,96.77
2025-05-12,North,32.9,1.3,0,,0,96.81
2025-05-13,North,32.2,4.1,0,,0,96.85
2025-05-14,North,32.5,0.0,0,,0,96.84
2025-05-15,North,32.5,0.0,0,,0,96.78
2025-05-16,North,31.2,0.0,0,,0,96.78
2025-05-17,North,36.2,0.0,0,,0,96.76
2025-05-18,North,32.7,0.0,0,,0,96.76
2025-05-19,North,33.9,1.9,0,,0,96.75
2025-05-20,North,32.6,1.0,0,,0,96.75
2025-05-21,North,32.7,0.0,0,,0,96.72
2025-05-22,North,32.6,1.5,0,,0,96.69
2025-05-23,North,31.0,0.0,0,,0,96.73
2025-05-24,North,33.0,4.1,0,,0,96.71
2025-05-25,North,32.9,0.0,0,,0,96.71
2025-05-26,North,35.3,0.0,0,,0,96.74
2025-05-27,North,31.8,0.0,0,,0,96.77
2025-05-28,North,32.8,0.0,0,,0,96.8
2025-05-29,North,32.3,0.0,0,,0,96.82
2025-05-30,North,35.9,0.0,0,,0,96.84
2025-05-31,North,32.4,0.0,0,,0,96.89
2025-06-01,North,33.4,29.9,0,,0,96.9
2025-06-02,North,34.9,8.5,0,,0,96.85
2025-06-03,North,33.2,10.9,0,,0,96.84
2025-06-04,North,31.6,5.6,0,,0,96.86
2025-06-05,North,31.5,8.4,0,,0,96.85
2025-06-06,North,34.1,28.4,0,,0,96.9
2025-06-07,North,31.6,12.3,0,,0,96.9
2025-06-08,North,34.5,0.0,0,,0,96.91
2025-06-09,North,33.3,20.0,0,,0,96.95
2025-06-10,North,33.8,19.2,0,,0,96.95
2025-06-11,North,34.0,18.3,0,,0,96.96
2025-06-12,North,32.6,0.0,0,,0,96.99
2025-06-13,North,32.5,0.0,0,,0,96.95
2025-06-14,North,34.9,4.6,0,,0,96.94
2025-06-15,North,33.1,0.0,0,,0,96.97
2025-06-16,North,29.1,19.9,0,,0,96.98
2025-06-17,North,35.0,0.0,0,,0,97.03
2025-06-18,North,32.1,7.4,0,,0,96.98
2025-06-19,North,34.5,4.8,0,,0,96.94
2025-06-20,North,36.0,0.0,0,,0,96.96
2025-06-21,North,34.0,0.0,0,,0,96.99
2025-06-22,North,35.4,0.0,0,,0,96.99
2025-06-23,North,34.0,3.8,0,,0,97.01
2025-06-24,North,36.2,0.0,0,,0,97.03
2025-06-25,North,32.2,2.2,0,,0,97.01
2025-06-26,North,33.8,0.0,0,,0,97.0
2025-06-27,North,34.8,0.0,0,,0,97.01
2025-06-28,North,33.2,5.7,0,,0,97.04
2025-06-29,North,35.1,7.0,0,,0,97.01
2025-06-30,North,30.8,55.5,0,,0,97.0
2025-07-01,North,36.7,1.7,0,,0,97.0
2025-07-02,North,36.3,12.2,0,,0,97.02
2025-07-03,North,33.7,5.9,0,,0,97.02
2025-07-04,North,34.2,2.6,0,,0,97.01
2025-07-05,North,33.7,38.7,0,,0,97.05
2025-07-06,North,31.0,14.0,0,,0,97.04
2025-07-07,North,31.3,0.0,0,,0,97.03
2025-07-08,North,34.7,9.5,0,,0,96.99
2025-07-09,North,32.8,19.8,0,,0,96.97
2025-07-10,North,32.8,0.0,0,,0,96.99
2025-07-11,North,33.1,0.0,0,,0,97.0
2025-07-12,North,29.0,10.8,0,,0,97.03
2025-07-13,North,32.4,4.4,0,,0,97.05
2025-07-14,North,31.7,0.3,0,,0,97.11
2025-07-15,North,34.1,0.0,0,,0,97.1
2025-07-16,North,34.2,0.0,0,,0,97.05
2025-07-17,North,33.5,0.0,0,,0,97.02
2025-07-18,North,33.1,0.0,0,,0,97.01
2025-07-19,North,30.1,1.6,0,,0,96.98
2025-07-20,North,32.8,9.6,0,,0,96.99
2025-07-21,North,33.2,0.0,0,,0,97.03
2025-07-22,North,34.0,0.0,0,,0,97.08
2025-07-23,North,35.1,3.7,0,,0,97.1
2025-07-24,North,28.2,29.1,0,,0,97.17
2025-07-25,North,30.3,25.2,0,,0,97.16
2025-07-26,North,30.6,0.0,0,,0,97.12
2025-07-27,North,31.4,13.1,0,,0,97.15
2025-07-28,North,31.6,0.0,0,,0,97.1
2025-07-29,North,31.0,2.9,0,,0,97.08
2025-07-30,North,32.9,0.0,0,,0,97.1
2025-07-31,North,29.6,0.0,0,,0,97.1
2025-08-01,North,28.4,28.3,0,,0,97.1
2025-08-02,North,29.4,0.0,0,,0,97.07
2025-08-03,North,30.3,0.0,0,,0,97.07
2025-08-04,North,28.9,0.0,0,,0,97.11
2025-08-05,North,30.0,13.5,0,,0,97.11
2025-08-06,North,30.3,0.0,0,,0,97.09
2025-08-07,North,28.7,13.6,0,,0,97.06
2025-08-08,North,29.9,41.7,0,,0,97.04
2025-08-09,North,29.5,12.6,0,,0,97.05
2025-08-10,North,31.6,0.0,0,,0,97.07
2025-08-11,North,28.5,26.4,0,,0,97.05
2025-08-12,North,29.5,4.1,0,,0,96.98
2025-08-13,North,28.1,17.8,0,,0,97.0
2025-08-14,North,29.4,1.0,0,,0,96.98
2025-08-15,North,30.2,5.3,1,Independence Day,0,97.0
2025-08-16,North,28.6,0.3,0,,0,96.98
2025-08-17,North,29.8,0.0,0,,0,96.96
2025-08-18,North,27.3,9.8,0,,0,96.97
2025-08-19,North,29.5,10.3,0,,0,97.04
2025-08-20,North,27.8,0.0,0,,0,97.07
2025-08-21,North,29.8,0.0,0,,0,97.08
2025-08-22,North,28.5,0.0,0,,0,97.09
2025-08-23,North,30.5,0.0,0,,0,97.04
2025-08-24,North,26.3,0.0,0,,0,97.01
2025-08-25,North,24.9,20.8,0,,0,96.94
2025-08-26,North,26.9,0.0,0,,0,97.0
2025-08-27,North,25.6,0.0,0,,0,97.05
2025-08-28,North,25.3,1.9,0,,0,97.06
2025-08-29,North,28.3,0.0,0,,0,97.07
2025-08-30,North,27.2,0.0,0,,0,97.03
2025-08-31,North,26.3,0.0,0,,0,97.03
2025-09-01,North,26.3,0.0,0,,0,97.08
2025-09-02,North,25.7,3.8,0,,0,97.09
2025-09-03,North,28.5,15.1,0,,0,97.08
2025-09-04,North,25.3,0.0,0,,0,97.03
2025-09-05,North,24.3,0.0,0,,0,97.08
2025-09-06,North,27.3,0.0,0,,0,97.08
2025-09-07,North,25.6,0.0,0,,0,97.03
2025-09-08,North,28.9,0.0,0,,0,97.0
2025-09-09,North,24.9,0.0,0,,0,96.97
2025-09-10,North,25.7,26.4,0,,0,96.97
2025-09-11,North,27.0,0.0,0,,0,96.98
2025-09-12,North,24.2,5.4,0,,0,96.97
2025-09-13,North,22.4,39.1,0,,0,97.0
2025-09-14,North,25.7,8.6,0,,0,97.0
2025-09-15,North,24.7,22.5,0,,0,97.04
2025-09-16,North,22.4,1.3,0,,0,97.03
2025-09-17,North,22.5,4.7,0,,0,97.13
2025-09-18,North,20.5,0.0,0,,0,97.11
2025-09-19,North,25.0,0.0,0,,0,97.09
2025-09-20,North,23.5,2.6,0,,0,97.06
2025-09-21,North,23.6,0.0,0,,0,97.06
2025-09-22,North,18.2,72.4,0,,0,97.01
2025-09-23,North,21.3,13.6,0,,0,97.03
2025-09-24,North,22.5,3.4,0,,0,96.97
2025-09-25,North,21.5,,0,,0,96.98
2025-09-26,North,23.2,0.0,0,,0,96.95
2025-09-27,North,23.7,1.2,0,,0,96.94
2025-09-28,North,26.1,0.0,0,,0,96.96
2025-09-29,North,21.7,21.0,0,,0,97.03
2025-09-30,North,24.1,0.0,0,,0,97.01
2025-10-01,North,21.0,0.0,0,,0,97.01
2025-10-02,North,19.6,0.0,1,Dussehra / Gandhi Jayanti,0,96.99
2025-10-03,North,21.5,0.0,0,,0,96.97
2025-10-04,North,19.5,0.0,0,,0,96.95
2025-10-05,North,21.7,0.0,0,,0,96.98
2025-10-06,North,20.4,0.0,0,,0,96.97
2025-10-07,North,18.5,0.0,0,,0,97.04
2025-10-08,North,23.9,0.0,0,,0,97.05
2025-10-09,North,20.3,0.0,0,,0,97.03
2025-10-10,North,18.5,0.0,0,,0,97.02
2025-10-11,North,22.2,0.0,0,,0,97.0
2025-10-12,North,19.6,0.0,0,,0,97.03
2025-10-13,North,22.2,0.0,0,,0,96.98
2025-10-14,North,19.4,0.0,0,,0,96.95
2025-10-15,North,19.5,0.0,0,,0,96.93
2025-10-16,North,20.7,0.7,0,,0,96.96
2025-10-17,North,21.0,0.0,0,,0,97.0
2025-10-18,North,21.1,0.0,0,,0,97.04
2025-10-19,North,19.7,0.0,0,,0,97.06
2025-10-20,North,20.5,0.0,1,Diwali,0,97.07
2025-10-21,North,20.7,0.0,0,,0,97.09
2025-10-22,North,19.7,0.0,0,,0,97.06
2025-10-23,North,19.1,0.0,0,,0,97.01
2025-10-24,North,16.7,9.2,0,,0,97.03
2025-10-25,North,,0.0,0,,0,97.0
2025-10-26,North,19.0,1.5,0,,0,97.01
2025-10-27,North,18.2,0.0,0,,0,97.01
2025-10-28,North,20.6,0.0,0,,0,97.02
2025-10-29,North,16.5,0.0,0,,0,97.06
2025-10-30,North,21.0,0.0,0,,0,97.09
2025-10-31,North,18.4,0.0,0,,0,97.1
2025-11-01,North,18.8,0.0,0,,0,97.09
2025-11-02,North,17.6,0.0,0,,0,97.09
2025-11-03,North,15.6,0.0,0,,0,97.08
2025-11-04,North,17.6,4.8,0,,0,97.08
2025-11-05,North,18.4,0.0,0,,0,97.16
2025-11-06,North,18.8,0.0,0,,0,97.17
2025-11-07,North,17.4,0.5,0,,0,97.19
2025-11-08,North,14.3,0.0,0,,0,97.17
2025-11-09,North,15.2,0.0,0,,0,97.2
2025-11-10,North,20.3,6.5,0,,0,97.23
2025-11-11,North,15.7,0.0,0,,0,97.26
2025-11-12,North,19.4,0.0,0,,0,97.27
2025-11-13,North,15.8,0.0,0,,0,97.3
2025-11-14,North,16.9,0.0,0,,0,97.35
2025-11-15,North,18.0,0.0,0,,0,97.36
2025-11-16,North,15.8,0.0,0,,0,97.36
2025-11-17,North,19.3,0.0,0,,0,97.39
2025-11-18,North,17.0,0.0,0,,0,97.37
2025-11-19,North,17.5,0.0,0,,0,97.35
2025-11-20,North,16.3,0.0,0,,0,97.35
2025-11-21,North,17.7,0.0,0,,0,97.3
2025-11-22,North,19.0,0.0,0,,0,97.33
2025-11-23,North,16.4,0.0,0,,0,97.31
2025-11-24,North,19.1,0.0,0,,0,97.3
2025-11-25,North,15.5,0.0,0,,0,97.29
2025-11-26,North,17.6,0.0,0,,0,97.3
2025-11-27,North,17.1,0.0,0,,0,97.29
2025-11-28,North,14.7,0.0,0,,0,97.3
2025-11-29,North,16.6,0.0,0,,0,97.3
2025-11-30,North,16.3,0.0,0,,0,97.29
2025-12-01,North,14.9,0.0,0,,0,97.27
2025-12-02,North,16.7,0.0,0,,0,97.31
2025-12-03,North,16.4,0.0,0,,0,97.25
2025-12-04,North,16.0,0.0,0,,0,97.24
2025-12-05,North,16.0,0.0,0,,0,97.23
2025-12-06,North,15.9,0.0,0,,0,97.25
2025-12-07,North,15.5,0.0,0,,0,97.21
2025-12-08,North,16.3,0.0,0,,0,97.2
2025-12-09,North,15.1,0.0,0,,0,97.2
2025-12-10,North,20.0,,0,,0,97.24
2025-12-11,North,13.9,0.0,0,,0,97.25
2025-12-12,North,15.1,0.0,0,,0,97.22
2025-12-13,North,15.2,1.8,0,,0,97.21
2025-12-14,North,19.1,0.0,0,,0,97.24
2025-12-15,North,14.0,0.0,0,,0,97.21
2025-12-16,North,16.6,0.0,0,,0,97.21
2025-12-17,North,16.4,0.0,0,,0,97.21
2025-12-18,North,16.5,0.0,0,,0,97.21
2025-12-19,North,17.9,0.0,0,,0,97.29
2025-12-20,North,17.9,0.0,0,,1,97.28
2025-12-21,North,,0.0,0,,0,97.3
2025-12-22,North,16.4,0.0,0,,0,97.28
2025-12-23,North,13.3,0.0,0,,0,97.3
2025-12-24,North,16.3,0.0,0,,0,97.33
2025-12-25,North,15.0,0.0,1,Christmas,0,97.32
2025-12-26,North,15.9,0.0,0,,0,97.32
2025-12-27,North,13.7,0.0,0,,0,97.3
2025-12-28,North,16.2,18.2,0,,0,97.27
2025-12-29,North,13.8,0.0,0,,0,97.3
2025-12-30,North,16.6,0.0,0,,0,97.29
2025-12-31,North,14.6,0.0,0,,0,97.22
2024-01-01,East,24.1,0.0,0,,0,103.92
2024-01-02,East,23.8,0.0,0,,0,103.94
2024-01-03,East,23.2,0.0,0,,0,104.01
2024-01-04,East,22.3,0.0,0,,0,104.04
2024-01-05,East,21.4,0.0,0,,0,104.06
2024-01-06,East,25.6,0.0,0,,0,104.1
2024-01-07,East,24.0,0.0,0,,0,104.12
2024-01-08,East,23.6,0.0,0,,0,104.11
2024-01-09,East,22.6,0.0,0,,0,104.08
2024-01-10,East,23.3,0.0,0,,0,104.07
2024-01-11,East,23.6,0.0,0,,0,104.07
2024-01-12,East,24.1,0.0,0,,0,104.08
2024-01-13,East,24.6,0.0,0,,0,104.02
2024-01-14,East,22.4,0.0,0,,0,104.02
2024-01-15,East,21.5,0.0,0,,0,104.02
2024-01-16,East,23.9,0.0,0,,0,104.04
2024-01-17,East,21.3,0.0,0,,0,104.1
2024-01-18,East,23.5,0.0,0,,0,104.11
2024-01-19,East,23.3,0.0,0,,0,104.08
2024-01-20,East,24.9,0.0,0,,0,104.03
2024-01-21,East,27.2,0.0,0,,0,104.06
2024-01-22,East,21.4,0.0,0,,0,104.03
2024-01-23,East,,0.0,0,,0,104.06
2024-01-24,East,24.2,0.0,0,,0,104.11
2024-01-25,East,25.1,0.0,0,,0,104.07
2024-01-26,East,22.6,0.0,1,Republic Day,0,104.09
2024-01-27,East,26.3,0.0,0,,0,104.13
2024-01-28,East,25.0,0.0,0,,0,104.17
2024-01-29,East,24.9,0.0,0,,0,104.11
2024-01-30,East,22.2,0.0,0,,0,104.08
2024-01-31,East,25.3,0.0,0,,0,104.05
2024-02-01,East,26.6,0.0,0,,0,104.07
2024-02-02,East,25.0,0.0,0,,0,104.09
2024-02-03,East,27.3,0.0,0,,0,104.01
2024-02-04,East,27.3,0.0,0,,0,104.0
2024-02-05,East,24.7,0.0,0,,0,104.03
2024-02-06,East,28.2,0.0,0,,0,104.04
2024-02-07,East,26.0,0.0,0,,0,104.05
2024-02-08,East,26.1,0.0,0,,0,104.04
2024-02-09,East,26.2,0.0,0,,0,104.01
2024-02-10,East,26.3,0.0,0,,0,104.02
2024-02-11,East,22.4,0.0,0,,0,104.02
2024-02-12,East,26.1,0.0,0,,0,104.05
2024-02-13,East,24.5,0.0,0,,0,104.07
2024-02-14,East,29.1,0.0,0,,0,104.08
2024-02-15,East,29.1,0.0,0,,0,104.11
2024-02-16,East,28.1,0.0,0,,0,104.11
2024-02-17,East,26.6,0.0,0,,0,104.07
2024-02-18,East,25.5,0.0,0,,0,104.09
2024-02-19,East,25.9,5.6,0,,0,104.09
2024-02-20,East,30.1,0.0,0,,0,104.11
2024-02-21,East,26.3,0.0,0,,0,104.08
2024-02-22,East,23.9,0.0,0,,0,104.14
2024-02-23,East,,0.0,0,,0,104.16
2024-02-24,East,29.9,0.0,0,,0,104.16
2024-02-25,East,30.2,0.0,0,,0,104.13
2024-02-26,East,29.4,0.0,0,,0,104.17
2024-02-27,East,29.8,0.0,0,,0,104.14
2024-02-28,East,28.1,0.0,0,,0,104.21
2024-02-29,East,25.0,0.0,0,,0,104.2
2024-03-01,East,28.3,0.0,0,,0,104.25
2024-03-02,East,29.3,0.0,0,,0,104.25
2024-03-03,East,28.3,0.0,0,,1,104.3
2024-03-04,East,28.3,0.0,0,,0,104.29
2024-03-05,East,27.2,0.0,0,,0,104.29
2024-03-06,East,27.3,0.0,0,,0,104.32
2024-03-07,East,31.6,0.0,0,,0,104.34
2024-03-08,East,31.8,0.0,0,,0,104.38
2024-03-09,East,29.0,0.0,0,,0,104.37
2024-03-10,East,29.5,1.6,0,,1,104.38
2024-03-11,East,27.8,,0,,0,104.42
2024-03-12,East,30.3,0.0,0,,0,104.4
2024-03-13,East,32.1,0.0,0,,0,104.42
2024-03-14,East,27.2,0.0,0,,0,104.42
2024-03-15,East,30.3,0.0,0,,0,104.43
2024-03-16,East,30.0,12.8,0,,0,104.43
2024-03-17,East,30.6,0.0,0,,0,104.42
2024-03-18,East,32.4,0.0,0,,0,104.41
2024-03-19,East,33.0,0.0,0,,0,104.42
2024-03-20,East,29.7,0.0,0,,0,104.42
2024-03-21,East,31.2,0.0,0,,0,104.47
2024-03-22,East,30.4,0.0,0,,0,104.51
2024-03-23,East,29.4,0.0,0,,1,104.52
2024-03-24,East,30.8,0.0,0,,0,104.5
2024-03-25,East,30.9,16.6,1,Holi,0,104.48
2024-03-26,East,30.9,0.0,0,,0,104.54
2024-03-27,East,28.8,14.7,0,,0,104.52
2024-03-28,East,30.1,0.0,0,,0,104.52
2024-03-29,East,30.0,4.3,0,,0,104.54
2024-03-30,East,29.6,0.0,0,,0,104.53
2024-03-31,East,31.5,0.0,0,,0,104.51
2024-04-01,East,31.7,0.0,0,,1,104.49
2024-04-02,East,32.6,0.0,0,,0,104.47
2024-04-03,East,29.9,0.0,0,,0,104.46
2024-04-04,East,30.4,0.0,0,,0,104.5
2024-04-05,East,33.7,0.0,0,,0,104.51
2024-04-06,East,31.1,2.5,0,,0,104.49
2024-04-07,East,31.5,0.0,0,,0,104.5
2024-04-08,East,31.3,0.0,0,,0,104.52
2024-04-09,East,33.3,0.0,0,,1,104.52
2024-04-10,East,33.5,0.0,0,,0,104.55
2024-04-11,East,33.4,0.0,1,Eid al-Fitr,0,104.52
2024-04-12,East,31.9,0.0,0,,0,104.55
2024-04-13,East,30.6,0.0,0,,0,104.56
2024-04-14,East,34.8,0.0,0,,0,104.56
2024-04-15,East,33.3,0.0,0,,0,104.54
2024-04-16,East,31.4,0.0,0,,0,104.51
2024-04-17,East,34.2,0.0,0,,0,104.47
2024-04-18,East,31.4,0.0,0,,0,104.45
2024-04-19,East,34.3,0.0,0,,0,104.47
2024-04-20,East,34.5,0.0,0,,0,104.44
2024-04-21,East,30.9,0.0,0,,0,104.4
2024-04-22,East,33.2,0.0,0,,0,104.38
2024-04-23,East,33.6,0.8,0,,0,104.37
2024-04-24,East,36.4,0.0,0,,0,104.36
2024-04-25,East,31.4,0.0,0,,0,104.36
2024-04-26,East,34.7,0.3,0,,0,104.4
2024-04-27,East,32.6,0.0,0,,0,104.44
2024-04-28,East,30.8,0.0,0,,0,104.5
2024-04-29,East,32.5,0.0,0,,0,104.46
2024-04-30,East,32.7,0.0,0,,0,104.44
2024-05-01,East,31.1,0.0,0,,0,104.46
2024-05-02,East,33.2,0.0,0,,0,104.45
2024-05-03,East,34.2,0.0,0,,0,104.48
2024-05-04,East,33.2,0.0,0,,0,104.49
2024-05-05,East,32.0,0.0,0,,0,104.54
2024-05-06,East,32.6,0.0,0,,0,104.58
2024-05-07,East,32.9,0.0,0,,0,104.62
2024-05-08,East,33.2,0.0,0,,0,104.61
2024-05-09,East,34.6,0.0,0,,0,104.61
2024-05-10,East,33.3,0.0,0,,0,104.6
2024-05-11,East,30.8,0.0,0,,0,104.56
2024-05-12,East,32.1,0.0,0,,0,104.61
2024-05-13,East,33.2,0.0,0,,0,104.64
2024-05-14,East,34.7,0.0,0,,0,104.63
2024-05-15,East,34.9,0.0,0,,0,104.67
2024-05-16,East,35.7,0.0,0,,0,104.66
2024-05-17,East,33.2,0.0,0,,0,104.61
2024-05-18,East,34.1,0.0,0,,0,104.64
2024-05-19,East,30.8,0.0,0,,0,104.61
2024-05-20,East,33.6,0.0,0,,0,104.61
2024-05-21,East,31.4,0.0,0,,0,104.62
2024-05-22,East,32.9,0.0,0,,0,104.63
2024-05-23,East,37.5,0.0,0,,0,104.66
2024-05-24,East,33.4,0.0,0,,0,104.68
2024-05-25,East,31.7,0.0,0,,0,104.7
2024-05-26,East,32.5,,0,,0,104.68
2024-05-27,East,32.2,0.0,0,,0,104.7
2024-05-28,East,,0.0,0,,0,104.65
2024-05-29,East,36.1,0.0,0,,0,104.71
2024-05-30,East,34.5,0.0,0,,0,104.67
2024-05-31,East,33.4,0.0,0,,0,104.66
2024-06-01,East,32.2,2.8,0,,0,104.63
2024-06-02,East,32.4,0.0,0,,0,104.61
2024-06-03,East,35.1,0.0,0,,0,104.61
2024-06-04,East,31.4,46.6,0,,0,104.6
2024-06-05,East,28.1,0.0,0,,0,104.64
2024-06-06,East,36.3,0.0,0,,0,104.65
2024-06-07,East,33.0,0.0,0,,0,104.64
2024-06-08,East,33.2,0.0,0,,0,104.64
2024-06-09,East,33.8,10.1,0,,0,104.68
2024-06-10,East,33.2,1.9,0,,0,104.71
2024-06-11,East,33.7,0.0,0,,0,104.68
2024-06-12,East,31.4,10.7,0,,0,104.66
2024-06-13,East,30.1,13.0,0,,0,104.68
2024-06-14,East,32.3,13.4,0,,0,104.7
2024-06-15,East,34.3,6.5,0,,0,104.67
2024-06-16,East,30.0,33.2,0,,0,104.7
2024-06-17,East,31.1,2.0,0,,0,104.67
2024-06-18,East,34.0,1.2,0,,0,104.72
2024-06-19,East,31.1,9.3,0,,0,104.74
2024-06-20,East,31.5,0.0,0,,0,104.71
2024-06-21,East,31.5,0.0,0,,0,104.69
2024-06-22,East,31.8,2.2,0,,0,104.68
2024-06-23,East,29.5,1.4,0,,0,104.69
2024-06-24,East,30.2,22.5,0,,0,104.69
2024-06-25,East,32.2,0.0,0,,0,104.66
2024-06-26,East,32.1,0.0,0,,0,104.62
2024-06-27,East,33.4,0.0,0,,0,104.64
2024-06-28,East,34.4,0.0,0,,0,104.65
2024-06-29,East,33.3,13.5,0,,0,104.66
2024-06-30,East,32.5,9.4,0,,0,104.67
2024-07-01,East,30.7,11.7,0,,0,104.66
2024-07-02,East,30.2,4.9,0,,0,104.67
2024-07-03,East,,9.2,0,,0,104.75
2024-07-04,East,32.1,0.0,0,,0,104.79
2024-07-05,East,32.0,10.5,0,,0,104.78
2024-07-06,East,32.0,0.0,0,,0,104.77
2024-07-07,East,30.2,15.0,0,,0,104.69
2024-07-08,East,31.9,5.2,0,,1,104.73
2024-07-09,East,32.7,0.0,0,,0,104.75
2024-07-10,East,31.4,16.9,0,,0,104.74
2024-07-11,East,29.4,30.2,0,,0,104.7
2024-07-12,East,29.3,1.6,0,,1,104.67
2024-07-13,East,29.2,0.0,0,,0,104.69
2024-07-14,East,29.1,8.4,0,,0,104.69
2024-07-15,East,30.7,0.0,0,,0,104.71
2024-07-16,East,31.0,0.0,0,,0,104.72
2024-07-17,East,28.0,0.0,0,,0,104.75
2024-07-18,East,29.2,2.4,0,,0,104.77
2024-07-19,East,30.4,0.0,0,,0,104.8
2024-07-20,East,27.7,20.4,0,,0,104.74
2024-07-21,East,30.5,0.0,0,,0,104.71
2024-07-22,East,29.1,4.5,0,,0,104.7
2024-07-23,East,27.1,34.8,0,,0,104.74
2024-07-24,East,29.6,0.5,0,,0,104.8
2024-07-25,East,30.0,0.0,0,,0,104.8
2024-07-26,East,28.1,0.0,0,,0,104.78
2024-07-27,East,28.8,2.3,0,,0,104.73
2024-07-28,East,29.8,0.8,0,,0,104.76
2024-07-29,East,27.9,0.0,0,,0,104.74
2024-07-30,East,26.5,0.0,0,,0,104.84
2024-07-31,East,26.5,0.0,0,,0,104.82
2024-08-01,East,27.6,12.2,0,,0,104.89
2024-08-02,East,26.7,0.0,0,,0,104.91
2024-08-03,East,28.0,0.0,0,,0,104.88
2024-08-04,East,30.9,2.3,0,,0,104.9
2024-08-05,East,26.3,0.5,0,,0,104.92
2024-08-06,East,26.5,34.0,0,,0,104.92
2024-08-07,East,31.0,7.7,0,,0,104.95
2024-08-08,East,28.7,0.0,0,,0,104.98
2024-08-09,East,25.0,60.9,0,,0,105.0
2024-08-10,East,26.0,41.5,0,,0,105.0
2024-08-11,East,27.9,13.4,0,,0,104.97
2024-08-12,East,30.2,0.0,0,,0,104.97
2024-08-13,East,26.7,0.0,0,,0,104.98
2024-08-14,East,25.8,11.6,0,,0,104.93
2024-08-15,East,25.3,0.0,1,Independence Day,0,104.94
2024-08-16,East,26.7,17.7,0,,0,104.94
2024-08-17,East,25.0,0.0,0,,0,104.91
2024-08-18,East,26.3,0.0,0,,0,104.9
2024-08-19,East,24.7,20.8,0,,0,104.89
2024-08-20,East,28.4,0.0,0,,0,104.96
2024-08-21,East,25.4,15.0,0,,0,104.97
2024-08-22,East,27.2,0.0,0,,0,105.0
2024-08-23,East,23.5,14.6,0,,0,105.0
2024-08-24,East,26.6,0.0,0,,0,104.95
2024-08-25,East,24.3,4.0,0,,0,104.97
2024-08-26,East,24.6,24.9,0,,0,104.96
2024-08-27,East,28.6,21.6,0,,0,104.95
2024-08-28,East,27.4,0.0,0,,0,104.93
2024-08-29,East,24.2,38.3,0,,0,104.93
2024-08-30,East,30.6,0.0,0,,0,104.97
2024-08-31,East,22.1,55.7,0,,0,105.0
2024-09-01,East,27.3,0.0,0,,0,105.05
2024-09-02,East,23.2,0.5,0,,0,105.11
2024-09-03,East,24.1,22.3,0,,0,105.05
2024-09-04,East,23.3,0.0,0,,0,105.02
2024-09-05,East,25.4,3.7,0,,0,104.97
2024-09-06,East,24.9,7.7,0,,0,104.99
2024-09-07,East,24.5,0.0,0,,0,104.97
2024-09-08,East,26.3,6.0,0,,0,104.96
2024-09-09,East,23.2,18.4,0,,0,104.96
2024-09-10,East,24.2,23.9,0,,0,104.98
2024-09-11,East,25.8,0.0,0,,1,104.94
2024-09-12,East,22.3,0.0,0,,0,104.9
2024-09-13,East,23.3,0.0,0,,0,104.91
2024-09-14,East,24.4,0.0,0,,0,104.95
2024-09-15,East,24.9,6.1,0,,0,104.95
2024-09-16,East,26.2,1.7,0,,0,104.93
2024-09-17,East,22.9,21.9,0,,0,104.87
2024-09-18,East,23.4,2.8,0,,0,104.9
2024-09-19,East,22.2,9.3,0,,0,104.88
2024-09-20,East,24.3,0.0,0,,0,104.85
2024-09-21,East,23.1,3.6,0,,0,104.81
2024-09-22,East,22.2,24.0,0,,0,104.77
2024-09-23,East,23.1,6.3,0,,0,104.74
2024-09-24,East,23.4,22.7,0,,0,104.74
2024-09-25,East,21.6,22.7,0,,0,104.71
2024-09-26,East,21.2,22.8,0,,0,104.72
2024-09-27,East,23.2,17.1,0,,0,104.71
2024-09-28,East,18.5,2.9,0,,0,104.78
2024-09-29,East,22.1,0.0,0,,0,104.74
2024-09-30,East,21.2,0.0,0,,0,104.74
2024-10-01,East,24.7,0.0,0,,0,104.75
2024-10-02,East,22.2,0.0,1,Gandhi Jayanti,0,104.73
2024-10-03,East,21.9,0.0,0,,0,104.73
2024-10-04,East,22.6,0.0,0,,0,104.76
2024-10-05,East,21.7,0.0,0,,0,104.77
2024-10-06,East,21.9,0.0,0,,0,104.81
2024-10-07,East,22.6,0.0,0,,0,104.75
2024-10-08,East,21.8,0.0,0,,0,104.73
2024-10-09,East,21.7,0.0,0,,0,104.78
2024-10-10,East,20.8,0.0,0,,0,104.81
2024-10-11,East,20.1,9.2,0,,0,104.83
2024-10-12,East,22.2,0.0,1,Dussehra,0,104.87
2024-10-13,East,22.5,0.0,0,,0,104.82
2024-10-14,East,19.9,0.0,0,,0,104.85
2024-10-15,East,22.9,5.9,0,,0,104.88
2024-10-16,East,23.1,0.0,0,,0,104.87
2024-10-17,East,23.3,0.0,0,,0,104.95
2024-10-18,East,22.3,0.0,0,,0,104.96
2024-10-19,East,22.7,0.0,0,,0,104.9
2024-10-20,East,25.0,0.0,0,,0,104.91
2024-10-21,East,21.2,0.0,0,,0,104.89
2024-10-22,East,20.0,0.0,0,,0,104.93
2024-10-23,East,19.3,0.0,0,,0,104.95
2024-10-24,East,23.7,10.7,0,,0,104.94
2024-10-25,East,24.1,0.0,0,,0,104.99
2024-10-26,East,19.8,7.7,0,,0,105.02
2024-10-27,East,20.3,0.0,0,,0,105.0
2024-10-28,East,20.9,0.0,0,,0,105.0
2024-10-29,East,23.2,0.0,0,,0,105.02
2024-10-30,East,19.4,0.0,0,,0,105.01
2024-10-31,East,18.3,0.0,0,,0,105.01
2024-11-01,East,24.5,0.0,1,Diwali,0,105.01
2024-11-02,East,21.6,1.5,0,,0,104.98
2024-11-03,East,21.9,0.0,0,,0,104.92
2024-11-04,East,20.9,0.0,0,,0,104.93
2024-11-05,East,21.8,0.0,0,,0,104.88
2024-11-06,East,18.8,0.0,0,,0,104.85
2024-11-07,East,19.8,0.0,0,,0,104.8
2024-11-08,East,21.2,,0,,0,104.76
2024-11-09,East,17.7,0.0,0,,0,104.77
2024-11-10,East,20.6,0.0,0,,0,104.77
2024-11-11,East,20.5,0.0,0,,0,104.77
2024-11-12,East,20.6,0.0,0,,0,104.73
2024-11-13,East,20.2,0.0,0,,0,104.71
2024-11-14,East,19.5,0.0,0,,0,104.73
2024-11-15,East,18.3,0.0,0,,0,104.73
2024-11-16,East,21.2,0.0,0,,0,104.76
2024-11-17,East,20.6,0.0,0,,0,104.79
2024-11-18,East,18.9,0.0,0,,0,104.79
2024-11-19,East,21.1,0.0,0,,0,104.74
2024-11-20,East,20.6,0.0,0,,0,104.72
2024-11-21,East,20.3,0.0,0,,0,104.72
2024-11-22,East,17.6,4.1,0,,0,104.7
2024-11-23,East,22.0,1.6,0,,0,104.67
2024-11-24,East,19.2,0.0,0,,0,104.68
2024-11-25,East,21.1,0.0,0,,0,104.76
2024-11-26,East,19.6,5.2,0,,0,104.75
2024-11-27,East,20.5,0.0,0,,0,104.75
2024-11-28,East,22.8,0.0,0,,0,104.72
2024-11-29,East,21.9,0.0,0,,0,104.76
2024-11-30,East,22.8,0.0,0,,0,104.79
2024-12-01,East,21.7,0.0,0,,0,104.82
2024-12-02,East,21.8,0.0,0,,0,104.86
2024-12-03,East,18.5,0.0,0,,0,104.85
2024-12-04,East,20.8,0.0,0,,0,104.85
2024-12-05,East,20.9,0.0,0,,0,104.9
2024-12-06,East,23.1,0.0,0,,0,104.92
2024-12-07,East,20.2,8.3,0,,0,104.86
2024-12-08,East,21.8,0.0,0,,0,104.88
2024-12-09,East,21.7,0.0,0,,0,104.87
2024-12-10,East,23.2,0.0,0,,0,104.9
2024-12-11,East,21.3,0.0,0,,0,104.91
2024-12-12,East,22.8,0.0,0,,0,104.86
2024-12-13,East,19.0,0.0,0,,0,104.88
2024-12-14,East,19.2,0.0,0,,0,104.89
2024-12-15,East,18.2,0.0,0,,0,104.9
2024-12-16,East,22.9,0.0,0,,0,104.92
2024-12-17,East,22.8,0.0,0,,0,104.97
2024-12-18,East,23.2,0.0,0,,0,104.99
2024-12-19,East,20.7,3.0,0,,0,104.99
2024-12-20,East,21.1,0.0,0,,0,105.03
2024-12-21,East,21.8,0.0,0,,0,105.1
2024-12-22,East,24.2,0.0,0,,0,105.13
2024-12-23,East,24.6,0.0,0,,0,105.14
2024-12-24,East,23.3,0.0,0,,0,105.16
2024-12-25,East,22.7,0.0,1,Christmas,0,105.17
2024-12-26,East,24.3,0.0,0,,0,105.18
2024-12-27,East,22.0,0.0,0,,0,105.25
2024-12-28,East,21.8,0.0,0,,0,105.23
2024-12-29,East,22.3,0.0,0,,0,105.27
2024-12-30,East,21.1,0.0,0,,0,105.27
2024-12-31,East,22.3,0.0,0,,0,105.23
2025-01-01,East,20.9,0.0,0,,0,105.23
2025-01-02,East,24.2,0.0,0,,0,105.21
2025-01-03,East,23.6,0.0,0,,0,105.23
2025-01-04,East,25.0,0.0,0,,0,105.24
2025-01-05,East,20.4,2.3,0,,0,105.21
2025-01-06,East,25.8,0.0,0,,0,105.26
2025-01-07,East,20.7,0.0,0,,0,105.3
2025-01-08,East,21.3,0.0,0,,0,105.35
2025-01-09,East,22.3,0.0,0,,0,105.36
2025-01-10,East,25.2,0.0,0,,0,105.36
2025-01-11,East,23.7,0.0,0,,0,105.39
2025-01-12,East,23.1,0.0,0,,0,105.38
2025-01-13,East,22.3,0.0,0,,0,105.38
2025-01-14,East,21.6,0.0,0,,0,105.38
2025-01-15,East,25.4,0.0,0,,0,105.34
2025-01-16,East,25.0,0.0,0,,0,105.35
2025-01-17,East,25.9,0.0,0,,0,105.34
2025-01-18,East,24.6,0.0,0,,0,105.34
2025-01-19,East,20.1,0.0,0,,0,105.35
2025-01-20,East,22.3,0.0,0,,0,105.4
2025-01-21,East,24.9,0.0,0,,0,105.37
2025-01-22,East,23.8,0.0,0,,0,105.37
2025-01-23,East,23.6,0.0,0,,0,105.35
2025-01-24,East,22.9,0.0,0,,0,105.33
2025-01-25,East,26.0,0.0,0,,0,105.31
2025-01-26,East,25.4,0.0,1,Republic Day,0,105.31
2025-01-27,East,25.6,0.0,0,,0,105.33
2025-01-28,East,24.0,0.0,0,,0,105.35
2025-01-29,East,25.3,0.0,0,,0,105.32
2025-01-30,East,23.1,0.0,0,,0,105.36
2025-01-31,East,25.0,0.0,0,,0,105.4
2025-02-01,East,21.5,0.0,0,,0,105.37
2025-02-02,East,23.0,0.0,0,,0,105.41
2025-02-03,East,25.0,0.0,0,,0,105.43
2025-02-04,East,29.2,0.0,0,,0,105.43
2025-02-05,East,23.0,0.0,0,,0,105.44
2025-02-06,East,23.9,0.0,0,,0,105.44
2025-02-07,East,26.2,0.0,0,,0,105.46
2025-02-08,East,28.7,0.0,0,,0,105.47
2025-02-09,East,26.4,0.0,0,,0,105.47
2025-02-10,East,27.3,0.0,0,,0,105.41
2025-02-11,East,25.8,0.0,0,,0,105.43
2025-02-12,East,25.6,0.0,0,,0,105.42
2025-02-13,East,26.6,0.0,0,,0,105.45
2025-02-14,East,25.6,0.0,0,,0,105.47
2025-02-15,East,27.8,0.0,0,,0,105.46
2025-02-16,East,24.4,0.0,0,,0,105.5
2025-02-17,East,28.3,0.0,0,,0,105.51
2025-02-18,East,27.1,0.0,0,,0,105.52
2025-02-19,East,26.8,0.0,0,,0,105.52
2025-02-20,East,24.8,0.0,0,,0,105.57
2025-02-21,East,25.9,0.0,0,,0,105.55
2025-02-22,East,29.2,0.0,0,,0,105.55
2025-02-23,East,27.2,0.0,0,,0,105.51
2025-02-24,East,28.1,0.0,0,,0,105.54
2025-02-25,East,26.4,0.0,0,,0,105.53
2025-02-26,East,27.8,0.0,0,,0,105.52
2025-02-27,East,25.9,0.0,0,,0,105.51
2025-02-28,East,28.2,0.0,0,,0,105.51
2025-03-01,East,28.7,0.0,0,,0,105.48
2025-03-02,East,28.7,0.0,0,,0,105.41
2025-03-03,East,27.0,0.0,0,,0,105.43
2025-03-04,East,27.9,0.0,0,,0,105.37
2025-03-05,East,29.4,0.0,0,,0,105.4
2025-03-06,East,28.3,0.0,0,,0,105.45
2025-03-07,East,28.3,0.0,0,,0,105.45
2025-03-08,East,31.7,0.0,0,,0,105.5
2025-03-09,East,27.5,0.3,0,,0,105.5
2025-03-10,East,,0.0,0,,0,105.55
2025-03-11,East,27.4,0.0,0,,0,105.54
2025-03-12,East,30.2,0.0,0,,0,105.47
2025-03-13,East,30.4,0.0,0,,0,105.48
2025-03-14,East,28.7,0.0,1,Holi,0,105.53
2025-03-15,East,27.7,0.0,0,,0,105.55
2025-03-16,East,26.7,0.0,0,,0,105.54
2025-03-17,East,28.8,0.0,0,,0,105.55
2025-03-18,East,30.6,0.0,0,,0,105.59
2025-03-19,East,28.3,0.0,0,,0,105.59
2025-03-20,East,30.1,0.0,0,,0,105.67
2025-03-21,East,27.9,0.0,0,,0,105.66
2025-03-22,East,29.8,0.4,0,,0,105.69
2025-03-23,East,28.5,0.0,0,,0,105.72
2025-03-24,East,30.2,0.0,0,,0,105.7
2025-03-25,East,29.5,3.7,0,,0,105.69
2025-03-26,East,28.7,0.0,0,,0,105.73
2025-03-27,East,29.6,0.0,0,,0,105.74
2025-03-28,East,29.3,0.0,0,,0,105.75
2025-03-29,East,28.8,0.0,0,,1,105.71
2025-03-30,East,32.5,0.0,0,,0,105.73
2025-03-31,East,30.4,0.0,1,Eid al-Fitr,0,105.74
2025-04-01,East,27.7,0.0,0,,0,105.74
2025-04-02,East,30.1,0.0,0,,0,105.76
2025-04-03,East,32.5,0.0,0,,0,105.75
2025-04-04,East,30.1,0.0,0,,0,105.74
2025-04-05,East,33.5,0.0,0,,0,105.73
2025-04-06,East,30.1,0.0,0,,0,105.72
2025-04-07,East,32.2,0.0,0,,0,105.79
2025-04-08,East,33.1,0.0,0,,0,105.83
2025-04-09,East,32.2,0.0,0,,0,105.8
2025-04-10,East,29.6,0.0,0,,0,105.87
2025-04-11,East,30.3,0.7,0,,0,105.86
2025-04-12,East,33.5,1.4,0,,0,105.86
2025-04-13,East,30.6,0.0,0,,0,105.89
2025-04-14,East,33.3,0.0,0,,0,105.84
2025-04-15,East,31.3,0.0,0,,0,105.83
2025-04-16,East,32.2,0.0,0,,0,105.82
2025-04-17,East,30.0,0.0,0,,0,105.83
2025-04-18,East,31.2,0.0,0,,0,105.85
2025-04-19,East,30.9,0.0,0,,0,105.85
2025-04-20,East,,0.0,0,,0,105.85
2025-04-21,East,32.4,0.0,0,,0,105.88
2025-04-22,East,33.0,0.0,0,,0,105.9
2025-04-23,East,31.6,0.0,0,,0,105.9
2025-04-24,East,31.0,0.0,0,,0,105.91
2025-04-25,East,32.7,0.0,0,,0,105.97
2025-04-26,East,31.0,0.0,0,,0,105.98
2025-04-27,East,34.2,0.0,0,,0,105.97
2025-04-28,East,32.4,0.0,0,,0,105.91
2025-04-29,East,32.1,0.0,0,,0,105.88
2025-04-30,East,33.3,0.0,0,,0,105.87
2025-05-01,East,32.6,0.0,0,,0,105.87
2025-05-02,East,30.2,0.0,0,,0,105.85
2025-05-03,East,31.2,0.0,0,,0,105.87
2025-05-04,East,34.4,0.0,0,,0,105.85
2025-05-05,East,32.4,13.1,0,,0,105.83
2025-05-06,East,30.3,0.0,0,,0,105.85
2025-05-07,East,33.4,0.0,0,,0,105.9
2025-05-08,East,32.0,0.0,0,,0,105.87
2025-05-09,East,31.6,0.0,0,,0,105.88
2025-05-10,East,31.2,0.0,0,,0,105.83
2025-05-11,East,34.3,3.7,0,,0,105.79
2025-05-12,East,30.0,0.0,0,,0,105.77
2025-05-13,East,31.5,4.2,0,,0,105.81
2025-05-14,East,33.1,0.0,0,,0,105.79
2025-05-15,East,35.3,0.0,0,,0,105.77
2025-05-16,East,33.8,0.0,0,,0,105.78
2025-05-17,East,31.7,0.0,0,,0,105.78
2025-05-18,East,35.3,0.0,0,,0,105.76
2025-05-19,East,31.0,0.0,0,,0,105.83
2025-05-20,East,33.4,0.0,0,,0,105.82
2025-05-21,East,33.7,0.0,0,,0,105.83
2025-05-22,East,31.7,0.0,0,,0,105.82
2025-05-23,East,34.0,0.0,0,,0,105.84
2025-05-24,East,32.2,0.0,0,,0,105.88
2025-05-25,East,33.9,3.7,0,,0,105.93
2025-05-26,East,30.2,0.0,0,,0,105.91
2025-05-27,East,33.5,0.0,0,,0,105.95
2025-05-28,East,32.3,0.0,0,,0,105.97
2025-05-29,East,34.7,0.0,0,,0,106.01
2025-05-30,East,32.8,0.0,0,,0,106.01
2025-05-31,East,34.8,0.0,0,,0,106.01
2025-06-01,East,33.2,11.0,0,,0,106.04
2025-06-02,East,32.4,5.5,0,,0,106.07
2025-06-03,East,34.0,0.0,0,,0,106.12
2025-06-04,East,34.0,0.0,0,,0,106.13
2025-06-05,East,33.5,0.0,0,,0,106.13
2025-06-06,East,29.2,1.8,0,,0,106.06
2025-06-07,East,29.1,53.7,0,,0,106.02
2025-06-08,East,34.8,0.0,0,,0,106.01
2025-06-09,East,30.8,0.0,0,,0,105.98
2025-06-10,East,33.9,0.0,0,,0,106.01
2025-06-11,East,33.5,2.9,0,,0,105.97
2025-06-12,East,31.4,0.0,0,,0,105.96
2025-06-13,East,29.2,6.7,0,,0,105.95
2025-06-14,East,31.6,0.0,0,,0,105.99
2025-06-15,East,35.5,0.0,0,,0,105.98
2025-06-16,East,30.4,15.7,0,,0,106.0
2025-06-17,East,31.1,0.0,0,,0,106.01
2025-06-18,East,30.5,6.5,0,,0,106.04
2025-06-19,East,33.4,15.0,0,,0,106.07
2025-06-20,East,31.7,1.9,0,,0,106.07
2025-06-21,East,31.2,0.0,0,,0,106.02
2025-06-22,East,34.2,0.0,0,,0,106.02
2025-06-23,East,30.8,52.5,0,,0,106.02
2025-06-24,East,30.4,5.1,0,,0,106.04
2025-06-25,East,28.8,,0,,0,106.02
2025-06-26,East,32.4,28.5,0,,0,106.06
2025-06-27,East,31.8,0.0,0,,0,106.06
2025-06-28,East,29.1,7.9,0,,0,106.04
2025-06-29,East,28.9,1.4,0,,0,106.03
2025-06-30,East,,2.5,0,,0,106.09
2025-07-01,East,29.6,0.9,0,,0,106.11
2025-07-02,East,28.4,0.0,0,,0,106.15
2025-07-03,East,29.7,0.0,0,,0,106.12
2025-07-04,East,29.7,6.0,0,,0,106.1
2025-07-05,East,30.5,0.0,0,,0,106.09
2025-07-06,East,33.1,14.7,0,,0,106.1
2025-07-07,East,30.7,0.0,0,,0,106.1
2025-07-08,East,30.7,0.0,0,,0,106.09
2025-07-09,East,31.5,5.0,0,,0,106.08
2025-07-10,East,30.5,,0,,0,106.06
2025-07-11,East,31.1,5.4,0,,0,106.06
2025-07-12,East,31.1,0.0,0,,0,106.09
2025-07-13,East,30.5,6.7,0,,0,106.05
2025-07-14,East,34.6,1.9,0,,0,106.07
2025-07-15,East,31.8,0.0,0,,0,106.11
2025-07-16,East,28.1,15.2,0,,0,106.11
2025-07-17,East,30.4,9.7,0,,0,106.1
2025-07-18,East,28.7,7.2,0,,0,106.13
2025-07-19,East,30.4,7.9,0,,0,106.11
2025-07-20,East,27.9,0.0,0,,0,106.11
2025-07-21,East,28.2,0.0,0,,0,106.08
2025-07-22,East,30.3,0.0,0,,0,106.03
2025-07-23,East,30.5,18.0,0,,0,106.03
2025-07-24,East,30.3,2.5,0,,0,106.0
2025-07-25,East,30.8,1.0,0,,0,106.0
2025-07-26,East,29.9,1.1,0,,0,106.04
2025-07-27,East,29.6,0.0,0,,0,106.1
2025-07-28,East,27.1,35.3,0,,0,106.1
2025-07-29,East,30.3,1.3,0,,0,106.14
2025-07-30,East,30.6,0.0,0,,0,106.15
2025-07-31,East,27.3,40.0,0,,0,106.15
2025-08-01,East,27.7,24.3,0,,0,106.09
2025-08-02,East,31.1,0.0,0,,0,106.15
2025-08-03,East,27.7,22.5,0,,0,106.12
2025-08-04,East,28.7,0.0,0,,0,106.16
2025-08-05,East,29.2,,0,,0,106.18
2025-08-06,East,28.2,0.2,0,,0,106.16
2025-08-07,East,26.7,9.3,0,,0,106.17
2025-08-08,East,28.6,3.3,0,,0,106.24
2025-08-09,East,28.0,0.0,0,,0,106.29
2025-08-10,East,30.7,0.3,0,,0,106.28
2025-08-11,East,29.0,0.0,0,,0,106.26
2025-08-12,East,26.2,16.8,0,,0,106.27
2025-08-13,East,28.7,0.9,0,,0,106.27
2025-08-14,East,25.0,73.9,0,,0,106.31
2025-08-15,East,29.0,11.0,1,Independence Day,0,106.33
2025-08-16,East,26.5,1.0,0,,0,106.29
2025-08-17,East,27.3,4.3,0,,0,106.3
2025-08-18,East,27.0,0.0,0,,0,106.3
2025-08-19,East,27.1,1.3,0,,0,106.31
2025-08-20,East,25.6,0.0,0,,0,106.32
2025-08-21,East,27.1,14.3,0,,0,106.36
2025-08-22,East,27.3,0.0,0,,0,106.39
2025-08-23,East,27.5,27.3,0,,0,106.37
2025-08-24,East,26.5,0.0,0,,0,106.38
2025-08-25,East,25.6,4.1,0,,0,106.37
2025-08-26,East,27.0,12.9,0,,0,106.32
2025-08-27,East,24.5,14.0,0,,0,106.32
2025-08-28,East,27.5,6.8,0,,0,106.38
2025-08-29,East,27.6,1.4,0,,0,106.33
2025-08-30,East,27.3,11.7,0,,0,106.34
2025-08-31,East,26.4,0.0,0,,0,106.34
2025-09-01,East,24.6,9.3,0,,0,106.35
2025-09-02,East,25.6,3.9,0,,0,106.33
2025-09-03,East,26.1,0.0,0,,0,106.29
2025-09-04,East,24.6,0.0,0,,0,106.25
2025-09-05,East,26.3,25.4,0,,0,106.29
2025-09-06,East,25.4,17.4,0,,0,106.27
2025-09-07,East,23.4,9.7,0,,0,106.26
2025-09-08,East,27.4,9.6,0,,0,106.32
2025-09-09,East,24.8,6.8,0,,0,106.31
2025-09-10,East,23.2,0.0,0,,0,106.32
2025-09-11,East,23.5,0.0,0,,0,106.36
2025-09-12,East,26.7,3.5,0,,0,106.39
2025-09-13,East,27.2,0.8,0,,0,106.36
2025-09-14,East,25.8,3.7,0,,1,106.34
2025-09-15,East,26.1,5.7,0,,0,106.35
2025-09-16,East,25.8,6.7,0,,0,106.41
2025-09-17,East,25.0,0.0,0,,0,106.39
2025-09-18,East,23.7,21.4,0,,0,106.38
2025-09-19,East,24.8,0.0,0,,0,106.4
2025-09-20,East,24.4,15.2,0,,0,106.42
2025-09-21,East,20.9,44.9,0,,0,106.45
2025-09-22,East,24.7,3.4,0,,0,106.43
2025-09-23,East,25.8,0.0,0,,0,106.41
2025-09-24,East,23.1,2.9,0,,0,106.42
2025-09-25,East,22.4,15.8,0,,0,106.47
2025-09-26,East,24.0,1.9,0,,0,106.46
2025-09-27,East,22.3,0.0,0,,0,106.47
2025-09-28,East,21.2,0.0,0,,0,106.44
2025-09-29,East,24.5,8.1,0,,0,106.5
2025-09-30,East,21.6,18.3,0,,0,106.51
2025-10-01,East,23.0,0.0,0,,0,106.54
2025-10-02,East,22.0,0.0,1,Dussehra / Gandhi Jayanti,0,106.55
2025-10-03,East,24.7,0.0,0,,0,106.56
2025-10-04,East,24.0,0.0,0,,0,106.51
2025-10-05,East,22.3,0.0,0,,0,106.45
2025-10-06,East,20.8,,0,,0,106.5
2025-10-07,East,22.0,0.0,0,,0,106.5
2025-10-08,East,23.3,0.0,0,,0,106.51
2025-10-09,East,22.7,0.0,0,,0,106.48
2025-10-10,East,22.5,0.0,0,,0,106.46
2025-10-11,East,22.6,0.0,0,,0,106.49
2025-10-12,East,23.3,0.0,0,,1,106.55
2025-10-13,East,22.1,0.0,0,,0,106.53
2025-10-14,East,22.8,0.0,0,,1,106.56
2025-10-15,East,20.5,0.0,0,,0,106.57
2025-10-16,East,25.8,0.0,0,,0,106.57
2025-10-17,East,21.5,0.0,0,,0,106.63
2025-10-18,East,22.2,0.0,0,,1,106.62
2025-10-19,East,22.7,0.0,0,,0,106.66
2025-10-20,East,21.1,0.0,1,Diwali,0,106.67
2025-10-21,East,21.7,0.4,0,,0,106.68
2025-10-22,East,21.7,0.0,0,,0,106.72
2025-10-23,East,20.2,0.0,0,,0,106.74
2025-10-24,East,22.2,0.0,0,,0,106.74
2025-10-25,East,19.1,0.0,0,,0,106.78
2025-10-26,East,24.1,0.0,0,,0,106.82
2025-10-27,East,22.6,0.0,0,,0,106.86
2025-10-28,East,22.4,0.0,0,,0,106.75
2025-10-29,East,18.8,0.0,0,,0,106.77
2025-10-30,East,20.1,0.0,0,,0,106.78
2025-10-31,East,23.4,,0,,0,106.78
2025-11-01,East,27.5,0.0,0,,0,106.8
2025-11-02,East,23.0,,0,,0,106.82
2025-11-03,East,22.8,0.0,0,,0,106.84
2025-11-04,East,22.0,0.0,0,,0,106.84
2025-11-05,East,19.9,0.0,0,,0,106.88
2025-11-06,East,22.6,0.0,0,,0,106.91
2025-11-07,East,19.5,0.0,0,,0,106.93
2025-11-08,East,19.3,0.0,0,,0,106.95
2025-11-09,East,19.2,0.0,0,,0,106.99
2025-11-10,East,22.5,0.0,0,,0,107.02
2025-11-11,East,21.0,0.0,0,,0,107.03
2025-11-12,East,21.2,0.0,0,,0,107.06
2025-11-13,East,21.0,0.0,0,,0,107.07
2025-11-14,East,19.3,0.0,0,,0,107.13
2025-11-15,East,20.0,0.0,0,,0,107.17
2025-11-16,East,20.1,0.0,0,,0,107.15
2025-11-17,East,18.9,0.0,0,,0,107.23
2025-11-18,East,20.2,0.0,0,,0,107.17
2025-11-19,East,19.4,0.0,0,,0,107.19
2025-11-20,East,21.9,0.0,0,,0,107.17
2025-11-21,East,22.0,0.0,0,,0,107.23
2025-11-22,East,19.1,0.0,0,,0,107.24
2025-11-23,East,20.6,0.0,0,,0,107.22
2025-11-24,East,23.8,0.0,0,,0,107.22
2025-11-25,East,19.6,0.0,0,,0,107.2
2025-11-26,East,21.7,0.0,0,,0,107.2
2025-11-27,East,21.2,0.0,0,,0,107.19
2025-11-28,East,22.7,0.0,0,,0,107.17
2025-11-29,East,21.5,0.0,0,,0,107.19
2025-11-30,East,20.5,0.0,0,,0,107.2
2025-12-01,East,21.2,0.0,0,,0,107.18
2025-12-02,East,21.3,0.0,0,,0,107.13
2025-12-03,East,21.0,0.0,0,,0,107.14
2025-12-04,East,19.2,0.0,0,,0,107.16
2025-12-05,East,23.1,0.0,0,,0,107.19
2025-12-06,East,22.9,0.0,0,,0,107.21
2025-12-07,East,19.7,0.0,0,,0,107.26
2025-12-08,East,20.9,0.0,0,,0,107.3
2025-12-09,East,21.0,0.0,0,,0,107.38
2025-12-10,East,19.6,2.0,0,,0,107.48
2025-12-11,East,18.6,0.0,0,,1,107.43
2025-12-12,East,20.5,0.0,0,,0,107.37
2025-12-13,East,21.0,0.0,0,,0,107.37
2025-12-14,East,19.4,0.0,0,,0,107.39
2025-12-15,East,21.9,0.0,0,,0,107.39
2025-12-16,East,23.4,0.0,0,,0,107.42
2025-12-17,East,23.0,0.0,0,,0,107.41
2025-12-18,East,21.6,0.0,0,,0,107.39
2025-12-19,East,19.0,0.0,0,,0,107.38
2025-12-20,East,22.9,0.0,0,,0,107.38
2025-12-21,East,22.1,0.0,0,,0,107.41
2025-12-22,East,22.6,0.0,0,,0,107.4
2025-12-23,East,24.9,0.0,0,,0,107.39
2025-12-24,East,20.8,0.0,0,,1,107.42
2025-12-25,East,17.8,0.0,1,Christmas,0,107.41
2025-12-26,East,20.6,0.0,0,,0,107.45
2025-12-27,East,23.0,0.0,0,,0,107.43
2025-12-28,East,22.4,0.0,0,,0,107.4
2025-12-29,East,20.6,0.0,0,,0,107.41
2025-12-30,East,20.3,0.0,0,,0,107.43
2025-12-31,East,22.0,0.0,0,,0,107.4
